ORIGIN_AIRPORT,flights,avg_arrival_delay,delayed_rate,destinations,criticality_score
ORD,276554,8.600790442372919,0.2337879763084244,161,0.9899216633223368
DEN,193402,7.187909121932555,0.21611979193596756,139,0.9465700778832092
LGA,94834,5.628139696733239,0.2324693675264146,69,0.9300638256867213
DFW,232647,6.9189587658555665,0.20921395934613385,148,0.9096577446745797
BWI,84329,7.248431737599165,0.21742223908738395,67,0.901359271729642
MIA,68301,7.040804673430843,0.22371561177727997,55,0.8944325408971874
JFK,91663,3.607518846208394,0.21413220165170244,64,0.8887868584838282
IAH,144019,7.378269533880946,0.2054034537109687,119,0.8843768776428709
LAX,192003,5.723420988213726,0.20125727202179133,80,0.8769173213617657
MDW,78685,6.053923873673508,0.21161593696384318,69,0.8698545499892301
EWR,98341,4.485728231358233,0.2090074333187582,87,0.8663741795054926
DAL,58672,7.988427188437415,0.21517930188164713,52,0.8662381389654117
PHL,64751,4.392179271362604,0.21105465552655558,46,0.8479860331712185
LAS,131937,6.023336895639585,0.19863268074914542,78,0.8452878957929464
CLT,99052,5.8509974558817595,0.1996728990833098,69,0.8341552449296558
HOU,51132,7.600719705859344,0.20928185871861066,51,0.8325340951603578
SFO,145491,5.750211353279584,0.19594339168745833,80,0.8313437404346495
MCO,109532,6.959628236497097,0.19708395719972246,74,0.8300286818805337
BOS,104804,4.29164917369566,0.19656692492652952,62,0.8177850332732487
IAD,33664,5.169647100760456,0.2014912072243346,70,0.7690825199242708
OAK,41669,6.654179365955507,0.19662098922460342,35,0.7631874298540965
PBI,22134,7.936026023312551,0.2108520827685913,24,0.7610334546361482
PHX,145552,4.392787457403539,0.18003874903814443,78,0.7415116371345327
FLL,72580,3.6110360980986496,0.18281895839074125,59,0.7290412542937795
STL,46181,4.363028085143241,0.18052878889586627,48,0.6815177589588364
DCA,71579,3.1176602076027886,0.17626678215677782,57,0.6671654819802968
CVG,19467,5.8954127497816815,0.18765089638876048,40,0.6584362139917695
XNA,8963,11.233850273345977,0.219346201048756,11,0.657234522554388
BNA,46371,4.573548122749132,0.17536822583079942,47,0.6326225215114104
HPN,7132,9.561132922041503,0.23906337633202468,9,0.6241539978913717
TPA,63077,5.058706025968261,0.17389856841638,61,0.6236665192894149
RDU,31074,4.577749887365643,0.1773508399304885,36,0.6219773492500765
DTW,106992,3.591408703454464,0.17056415432929564,112,0.6074210114614155
BTR,6983,11.203064585421739,0.21480738937419447,4,0.5914362480019046
RIC,14887,5.847450795996507,0.1802243568213878,17,0.5841240689725539
CMH,23557,3.587553593411725,0.1750222863692321,28,0.5800768629051458
SAN,69270,3.328988017900967,0.16977046340407104,46,0.5777641737237698
RSW,26938,3.997067339817358,0.1735095404261638,39,0.5725039395073066
LIT,10132,5.913639952625346,0.185748124753257,12,0.5669149406523144
SMF,36788,5.451832119169294,0.17179515059258454,27,0.5608157897720187
SJC,37708,5.148297443513313,0.17142250981224144,25,0.5570860116314662
TYS,6754,8.184039087947882,0.2083209949659461,9,0.554025099479645
CID,6588,8.714025500910747,0.20415907710989678,7,0.543844732396921
DSM,8101,6.876928774225404,0.1918281693618072,13,0.5432325499665567
ABQ,18918,4.768263029918596,0.17295697219579237,23,0.5327687650919974
AUS,41392,5.014036528797836,0.166384808658678,41,0.5187905995986803
SGF,6035,9.515658657829329,0.20149130074565036,5,0.5186772324819463
ICT,7877,6.939570902627904,0.1875079344928272,10,0.5180423766282353
FAT,6924,8.829433853264009,0.19280762564991336,9,0.5173168270811368
SJU,24399,2.519693430058609,0.16959711463584573,23,0.5173168270811368
RNO,12851,5.225429927632091,0.17399424169325345,13,0.5157296874468592
FSD,5157,9.265076594919528,0.2134962187318208,5,0.5074085410785747
SAV,7372,5.806158437330439,0.18516006511123168,10,0.5061841762178462
SHV,5932,9.921443020903574,0.19942683749157114,4,0.4991554149803308
CLE,33765,3.0371094328446615,0.16570413149711238,35,0.49821446791143764
ATL,343506,3.046773564362777,0.1581195088295401,168,0.4882154882154882
SEA,110178,2.9755668100709762,0.15995026230281909,73,0.4880454375403871
MYR,4725,7.592592592592593,0.21354497354497354,17,0.48709315375982043
GSO,6462,6.109718353450944,0.187867533271433,10,0.4863222573660284
MSY,38292,3.7655907239109996,0.16329781677635016,38,0.4811753902662993
MCI,38106,4.268146748543536,0.16322888783918543,41,0.47342107948168555
DAY,8362,4.04054054054054,0.17567567567567569,12,0.4688410479656271
MKE,29172,2.5723296311531607,0.16443850267379678,29,0.4685236200387716
OKC,15797,5.068304108375008,0.16794328036969045,22,0.4661429105873551
MSP,111055,1.9675926342803116,0.15731844581513665,120,0.4636261605958576
TUL,13701,4.25633165462375,0.16845485730968543,18,0.46117743087440055
MEM,14381,4.499339406160907,0.16765176274250748,23,0.457504336292215
COS,6745,7.413936249073387,0.17968865826538177,9,0.45301499846954396
LGB,8704,4.071116727941177,0.1733685661764706,12,0.4489337822671156
LFT,5005,7.606393606393606,0.19100899100899102,4,0.436066614517793
BHM,12282,4.506432177169842,0.16577104706073928,15,0.4309310841297374
ONT,17769,4.1399628566604765,0.1624176937362823,14,0.4253987688331123
CAE,5026,7.697970553123756,0.1836450457620374,6,0.41914090398938886
PSP,8865,6.007783417935702,0.1694303440496334,12,0.41471958643675816
OMA,16442,3.7209585208612093,0.1614158861452378,21,0.41206679590517975
JAN,6905,4.4910934105720495,0.17320782041998553,4,0.41077441077441074
MOB,4905,7.1663608562691135,0.18185524974515802,4,0.406761214842023
FAR,5566,4.414121451670859,0.17840459935321595,6,0.4065344806085547
IND,25048,2.2605397636537847,0.15785691472373042,30,0.406489133761861
PIA,4490,6.189977728285078,0.18997772828507795,7,0.40495867768595045
ACY,3527,8.734902183158491,0.2166146867025801,10,0.40063939053838044
SDF,9940,3.248189134808853,0.16448692152917505,18,0.3909465020576132
ASE,3263,15.492491572172847,0.2889978547349065,8,0.39057239057239057
MAF,7252,5.734831770546056,0.16947049089906233,6,0.3900282284120668
FWA,5079,7.231738531206931,0.1772002362669817,5,0.38754548855558957
CHS,11548,3.8550398337374436,0.16115344648423968,23,0.3848246777539706
MLI,3619,7.193699917104173,0.19977894445979552,6,0.381695745332109
12953,8447,-1.521960459334675,0.16526577483130106,50,0.37743314174290604
CRP,4716,6.588422391857506,0.1779050042408821,3,0.37565327801018034
BOI,11524,5.89170426935092,0.16053453661922942,16,0.37565327801018034
JAX,17777,3.7196939866119143,0.15671935647184565,22,0.37346529265721184
SBA,5878,4.946070091867982,0.17301803334467505,6,0.37329524198211067
ORF,9084,4.028071334214003,0.16325407309555262,16,0.37234295820154406
EVV,3707,6.316428378742919,0.19395737793363907,4,0.36979219807502633
STT,4171,4.082713977463438,0.18221050107887796,12,0.3666292555181444
SBN,4343,8.896845498503339,0.17982961086806354,7,0.3615163985534356
ELP,11806,4.9989835676774526,0.15669998305946128,12,0.3441825664047886
BDL,18375,0.7580408163265306,0.15270748299319728,25,0.33868426124318385
CHA,4125,5.725333333333333,0.17575757575757575,4,0.3332313029282726
TTN,2771,11.990256225189462,0.23204619271021293,18,0.3298983096962895
AMA,4074,6.416053019145803,0.17574864997545409,5,0.32926345384257844
14771,14094,1.7940967787711082,0.15290194408968355,67,0.3242526272829303
MSN,8830,3.0346545866364667,0.15764439411098527,17,0.3242299538595835
GRR,10541,1.9546532587041077,0.1543496821933403,15,0.32266548764865266
ROC,7240,0.9294198895027624,0.16022099447513813,13,0.32011472752213493
PVD,10757,0.4002974807102352,0.15338849121502277,15,0.3158861340679523
BUF,16476,0.2952779800922554,0.14809419762078174,18,0.3156820732578308
MGM,3107,7.482458963630512,0.1960090119085935,2,0.31550068587105623
SAT,29375,2.1752170212765956,0.14515744680851064,30,0.31550068587105623
BTV,2884,5.910540915395284,0.2007628294036061,7,0.3100817376911653
SNA,36708,1.6555791653045657,0.14149504195270785,22,0.31003639084447165
JNU,4031,5.513768295708261,0.17340610270404366,7,0.3099003503043907
12889,12649,1.803858012491106,0.14949798403035813,72,0.3045267489711934
VPS,4744,5.68043844856661,0.16610455311973019,3,0.303993923522543
AEX,3054,8.943352979698755,0.1902423051735429,3,0.2987450260177533
TUS,14922,2.4423669749363355,0.14569092614930976,16,0.29464113639197814
PWM,4529,3.3601236476043277,0.16692426584234932,11,0.29362083234137104
PIT,23669,-1.1953610207444336,0.13946512315687185,30,0.28561711389994215
BUR,18527,3.1429805149241647,0.1399039240028067,11,0.2829643233683638
PNS,6403,3.583632672184913,0.15680149929720444,9,0.2829303132333435
SBP,3063,4.552073130917401,0.18086842964413974,3,0.28050425693523334
12266,13091,1.7144603162478038,0.1447559391948667,103,0.2780328537904295
CRW,2315,10.653995680345572,0.22332613390928727,6,0.277522701765126
SYR,5447,0.48356893702955756,0.15972094731044612,11,0.2736455463728191
GRB,4720,3.8262711864406778,0.16059322033898304,4,0.26538108356290174
11259,5873,5.757364209092457,0.156649072024519,51,0.2593726263759934
10821,7991,1.7016643724189713,0.1479164059567013,63,0.2581822716502851
GNV,2635,8.16470588235294,0.18519924098671728,2,0.25684453967282256
12478,8255,-1.701877649909146,0.14669897032101756,58,0.25422575927626434
SLC,96505,0.7500854877985597,0.12970312419045646,89,0.25166366243807325
ISP,4238,2.1153846153846154,0.16163284568192543,6,0.25096078631432167
ATW,2759,5.654222544400145,0.17868793040956868,4,0.24803591470258138
12892,17628,0.5325618334467892,0.1345586566825505,67,0.2477638336224195
PDX,46777,1.2046518588195052,0.13027770057934454,47,0.24609733700642789
GSP,6380,3.1156739811912226,0.15141065830721004,13,0.2454171343060232
MLU,2876,7.462795549374131,0.17559109874826148,3,0.24521307349590177
LEX,5800,2.7444827586206895,0.15379310344827588,8,0.2446462379122312
AGS,2345,8.452452025586354,0.19402985074626866,2,0.24373930097835825
LBB,4458,6.287797218483625,0.15903992821893226,7,0.24330850593476858
BMI,2620,5.9793893129771,0.18091603053435115,7,0.24296840458456617
BIS,3382,4.9905381431105855,0.16824364281490242,4,0.24148329535534924
GRK,3869,5.834065650038769,0.1620573791677436,3,0.23822965910508
11057,9537,1.6240956275558351,0.13746461151305442,62,0.22997653300683604
11618,9508,-1.8995582667227597,0.1364114429953723,76,0.22419481005339592
11298,20586,0.7424463227436121,0.12906829884387447,137,0.21576029656837742
ROA,2217,7.52999548940009,0.18764095624718088,3,0.21404845310569218
MHT,6115,-0.26116107931316435,0.14309076042518398,12,0.2130394857667585
MRY,2836,6.208392101551481,0.16960507757404794,3,0.21182645761770344
13930,27566,-2.483167670318508,0.12616991946600886,147,0.2105680826219547
HSV,4423,3.394754691385937,0.1517069862084558,8,0.20242832364044486
CHO,2092,9.344168260038241,0.19455066921606118,3,0.20203153873187543
GEG,9440,2.794385593220339,0.1323093220338983,10,0.19986622680225374
14107,12884,-0.02103384042222912,0.1286091276001242,74,0.19553560294301034
OGG,20477,1.0718855301069492,0.12452996044342433,18,0.19283746556473833
11697,5753,1.3610290283330437,0.13975317225795236,51,0.1926674148896371
JAC,3444,2.516840882694541,0.156794425087108,13,0.19045675611332177
EUG,3558,3.5202360876897134,0.1543001686340641,5,0.19004863449307893
RST,1971,3.8995433789954337,0.19736174530695078,5,0.18937976850434762
KTN,2287,3.19938784433756,0.17315260166156538,4,0.18759990477162192
13303,5929,0.18350480688143025,0.13661663012312364,46,0.18584271446224307
AVL,2673,6.087542087542087,0.16498316498316498,3,0.18553662324706097
ALB,7322,-1.8672493854138215,0.13220431576072111,15,0.18212427303336393
14100,6065,-1.8268755152514426,0.13454245671887882,43,0.18043510299402554
TYR,2199,6.648931332423829,0.17462482946793997,2,0.17982292056366128
SRQ,3318,4.518685955394816,0.1546112115732369,7,0.1792560849799907
ABE,2227,6.249663224068254,0.17198024247867086,3,0.17722681359044995
CAK,5974,-0.06528289253431536,0.13441580180783394,12,0.17447199265381086
MFR,2430,4.451028806584362,0.1654320987654321,3,0.1715244476187237
RAP,3197,3.441664060056303,0.1538942758836409,7,0.16781734290151798
ELM,2007,5.559043348281016,0.17787742899850523,3,0.16728451745286763
CMI,1994,4.228184553660983,0.17803410230692077,2,0.16386083052749717
DRO,2019,6.108964834076275,0.1748390292223873,3,0.16192225283134376
TLH,3141,3.865329512893983,0.15313594396688954,3,0.16125338684261242
11292,18077,-1.2517563755047851,0.11810588040050893,121,0.15919010531805144
ANC,15818,-0.3822860032873941,0.1183461878872171,30,0.15780702649389516
14747,10361,-1.6210790464240903,0.12132033587491554,63,0.15381650398485414
MDT,3210,2.2884735202492212,0.1470404984423676,6,0.1525354555657586
12191,4681,2.39051484725486,0.13437299722281565,45,0.15235406817898403
LNK,2564,4.760530421216849,0.156396255850234,4,0.14030314367014704
FSM,1910,6.858638743455497,0.17329842931937173,2,0.13987234862655737
MFE,3294,4.3670309653916215,0.14055859137826351,2,0.13927150290786655
11278,6759,-1.06998076638556,0.12250332889480692,46,0.13823986214558606
10721,10091,-1.7265880487563174,0.11604399960360717,56,0.13808114818215828
LAN,1800,6.32,0.18166666666666667,4,0.13499756260699022
GPT,3514,1.5429709732498578,0.13488901536710302,3,0.13000940947068895
DLH,1666,10.024609843937576,0.2034813925570228,2,0.12712988470564227
BZN,3557,1.7790272701714929,0.13325836378971043,12,0.12570145903479235
TVC,2660,1.9323308270676691,0.14661654135338345,6,0.12536135768459
BFL,2587,3.502126014688829,0.14920757634325474,4,0.12515729687446858
13204,9006,-0.3718632023095714,0.11292471685542971,66,0.11967032842453719
ABI,2231,3.2720753025549083,0.15329448677722995,1,0.11899012572413246
11433,9882,-0.8477028941509815,0.11232544019429265,99,0.11790180140348491
ISN,2479,0.8507462686567164,0.145623235175474,3,0.11427405366799306
FNT,4629,-1.8960898682220781,0.12140851155757183,8,0.1105329388157671
ECP,4139,0.3800434887654023,0.12176854312635903,7,0.10400299289188177
14893,3598,2.0314063368538076,0.12312395775430796,25,0.09867473840537813
13796,3994,0.9812218327491237,0.12068102153229844,32,0.09488827670645852
10693,4450,-1.1238202247191011,0.1150561797752809,43,0.09369792198075026
TRI,1906,4.061909758656873,0.1558237145855194,1,0.0933578206305479
14679,6184,-0.31128719275549804,0.10850582147477361,44,0.08927660442811958
AZO,1743,0.7314974182444062,0.1646586345381526,4,0.08844902447596051
SJT,1550,4.9,0.18258064516129033,1,0.08679386457164234
10423,3871,1.0550245414621544,0.11495737535520538,39,0.08507068439728373
HNL,42946,0.7964653285521353,0.10096400130396312,28,0.08411840061671712
MBS,1654,4.881499395405078,0.1674727932285369,4,0.08180571143534107
14843,1858,2.3266953713670615,0.1496232508073197,20,0.08160165062521965
SAF,1435,8.303135888501743,0.20069686411149826,3,0.08019589837771655
BRO,2258,2.3135518157661648,0.13064658990256864,2,0.07809860671813534
RDM,2119,1.459178857951864,0.13449740443605473,4,0.07427813488419549
14908,3524,0.18955732122587968,0.11350737797956867,20,0.0739040233989729
MOT,1820,2.8747252747252747,0.1467032967032967,2,0.07364327903048441
GJT,3122,1.2001921844971173,0.11434977578475336,5,0.06921062476618033
PSC,2394,0.5977443609022557,0.12406015037593984,5,0.06883651328095772
SPI,1517,8.0112063282795,0.17205009887936717,2,0.06817898400389982
LRD,2127,2.927127409496944,0.13023037141513868,2,0.0671133331065991
BQN,1331,4.375657400450788,0.19158527422990232,4,0.06693194571982451
ACT,1538,4.658647594278284,0.16905071521456436,1,0.06566223401240236
ILM,1838,3.9619151251360174,0.13928182807399347,3,0.06526544910383295
FAI,2169,0.7063162747810051,0.1267865375749193,4,0.06461925653844847
CLL,2200,2.804090909090909,0.12545454545454546,2,0.06455123626840799
FAY,1612,6.367866004962779,0.15818858560794044,1,0.06289607636408984
KOA,11052,-0.24375678610206297,0.0988056460369164,12,0.06150166082826016
MHK,1562,2.968629961587708,0.16069142125480154,2,0.05935902232198528
ACV,1268,7.841482649842272,0.22397476340694006,1,0.05917763493521069
LSE,1581,1.5528146742567994,0.15939278937381404,2,0.05872416646827421
HRL,3021,1.2277391592188016,0.10956636875206885,3,0.05822535115464409
LBE,1245,7.575903614457832,0.2321285140562249,7,0.05627543674681722
11042,3202,-1.7145534041224235,0.1080574640849469,31,0.055572560623065675
14831,3457,1.3361295921319063,0.10500433902227364,25,0.053497942386831275
13232,7598,-2.7250592261121347,0.09792050539615689,64,0.05196748631092066
EYW,1940,2.7943298969072163,0.12525773195876289,3,0.05142332415059688
13891,1734,2.720876585928489,0.13783160322952712,13,0.051066217732884396
DHN,1243,9.275945293644408,0.21399839098954143,1,0.050788468296885804
LCH,1802,0.9711431742508324,0.1320754716981132,2,0.050471040370030265
AVP,1326,6.506033182503771,0.17194570135746606,4,0.05006291874978744
12264,2979,-3.002014098690836,0.10775427995971802,33,0.04999489847974696
14027,1734,1.1695501730103806,0.13494809688581316,16,0.04900293620832341
COU,1241,11.746172441579372,0.21112006446414183,2,0.04693398632792572
FLG,1610,5.60807453416149,0.1453416149068323,1,0.04655987484270313
CWA,1361,4.263041880969875,0.16385011021307863,2,0.04619710006915395
13495,3646,-1.375479978058146,0.10312671420735052,36,0.0456869480438504
14524,1628,0.31633906633906633,0.1382063882063882,14,0.045346846693648045
14492,2984,-1.9550938337801609,0.10455764075067024,33,0.0444625831831219
13487,10552,-3.0905041698256253,0.09420015163002274,104,0.04387307417610448
10140,1805,0.7047091412742382,0.12465373961218837,21,0.04346495255586165
11193,1903,-1.415133998949028,0.1208617971623752,29,0.042852770125497396
15304,5125,-2.1594146341463416,0.09619512195121951,52,0.041719098958156196
PHF,1229,8.922701383238405,0.18795768917819367,2,0.03566529492455418
FCA,1996,-2.3517034068136273,0.10871743486973948,6,0.03493974537745581
10800,1753,0.9823160296634341,0.11922418710781517,11,0.0338854311918285
EGE,1198,12.401502504173623,0.2337228714524207,11,0.033329932319831314
BIL,2851,-2.3058575938267274,0.10066643283058575,5,0.03006495935788865
IDA,2225,-2.6993258426966293,0.10337078651685393,3,0.029928918817807706
LAW,1236,7.240291262135922,0.16990291262135923,1,0.029679511160992645
CPR,1744,-4.651376146788991,0.11353211009174312,2,0.029384756657483933
LIH,10487,-1.0093449032135025,0.09096977209878898,11,0.0289766350372411
12339,2361,-2.417619652689538,0.1012282930961457,25,0.0286025235520185
SIT,1322,1.947806354009077,0.1422087745839637,3,0.02608010520468433
10397,32509,-4.223261250730567,0.08640684118244178,148,0.026017753290480564
MSO,2053,-1.3185582075012177,0.10326351680467609,7,0.025394234148442902
12451,1701,-1.1804820693709583,0.10993533215755438,20,0.023886451495879105
15016,4295,-3.2956926658905705,0.09266589057043073,43,0.022537382806743077
14635,1756,-2.882118451025057,0.10478359908883828,26,0.02153975217948282
13342,2631,-2.8711516533637402,0.09426073736221968,24,0.020462764570508676
YUM,1854,2.1844660194174756,0.10248112189859762,1,0.019725878311736895
SGU,1770,1.8734463276836157,0.10338983050847457,2,0.019657858041696424
SPS,1170,6.418803418803419,0.1717948717948718,1,0.019385776961534536
MLB,1322,2.1717095310136156,0.12632375189107414,1,0.01828044757337687
13198,3536,-3.150735294117647,0.08710407239819004,34,0.014170889591765013
11066,2178,-2.1887052341597797,0.09274563820018365,24,0.012923851307689692
13851,1627,-1.645359557467732,0.10079901659496004,19,0.011937557392102848
OAJ,1118,9.367620751341681,0.1744186046511628,1,0.01162012946524731
ITO,5708,0.34320252277505253,0.08163980378416258,3,0.01115532428663742
DAB,1486,-0.5471063257065949,0.10430686406460296,2,0.01110997743994377
10994,1204,1.7242524916943522,0.1303986710963455,15,0.010225713929417634
14869,8738,-3.404211490043488,0.07747768368047608,77,0.009024022492035958
15376,1299,-1.5712086220169361,0.10700538876058506,14,0.008831298393587957
10792,1585,-1.3072555205047318,0.09526813880126182,16,0.008570554025099479
14057,4539,-4.717338620841595,0.07975324961445253,42,0.008445850196691949
14683,2594,-3.448727833461835,0.08326908249807248,29,0.008434513485018535
GTF,1944,-0.9825102880658436,0.08796296296296297,3,0.007981045018082054
13871,1492,-2.3351206434316354,0.09584450402144772,16,0.007232822047636862
14570,1137,1.4001759014951627,0.13280562884784522,11,0.00591776349352107
CSG,1060,4.381132075471698,0.1650943396226415,1,0.005713702683399653
10299,1225,-1.7436734693877551,0.10530612244897959,19,0.005441621603237765
13244,1510,-3.0450331125827814,0.09337748344370861,18,0.005441621603237764
13830,1814,-1.3351708930540243,0.08324145534729879,16,0.004364633994263623
10599,1139,1.5232660228270412,0.11237928007023705,15,0.004047206067408087
10713,1156,2.3019031141868513,0.10813148788927336,13,0.003990522509041027
15370,1309,-2.786096256684492,0.09396485867074103,15,0.0038544819689600835
HLN,1419,-2.3143058491895703,0.0916138125440451,3,0.0038318085456132598
12173,3761,-1.9088008508375431,0.06833289018877958,27,0.0029928918817807705
10529,1705,-6.116715542521995,0.07038123167155426,23,0.0014964459408903855
11540,1036,1.4131274131274132,0.10907335907335908,12,0.001065650897300729
14307,1092,-2.8534798534798536,0.09432234432234432,12,0.0009069369338729607
14122,2122,-4.899151743638077,0.06644674835061264,26,0.0008275799521590767
12992,1035,-1.1333333333333333,0.10434782608695652,11,0.00040812162024283236
