ORIGIN_AIRPORT,total_flights,avg_arrival_delay,delayed_rate,avg_distance,cancelled_rate,destinations_served,madrugada,morning_delay_rate,night_delay_rate,afternoon_delay_rate,cluster,pca_1,pca_2
ABE,15,-2.533333333333333,0.2,580.1333333333333,0.0,3,0.0,0.1,0.0,0.4,0,-1.1617941845196678,-0.6927843417819343
ABI,13,33.15384615384615,0.5384615384615384,158.0,0.0,1,0.0,0.5714285714285714,0.0,0.75,5,2.5747508585795185,-1.1402007743201465
ABQ,192,25.447916666666668,0.4427083333333333,732.6510416666666,0.0,21,0.0,0.33707865168539325,0.75,0.4533333333333333,1,1.3593327339974601,0.8472789768969747
ABR,7,-8.571428571428571,0.0,257.0,0.0,1,0.0,0.0,0.0,0.0,0,-2.7764993177289474,-1.1295354450776294
ABY,6,-0.16666666666666666,0.16666666666666666,145.0,0.0,1,0.0,0.0,0.0,0.3333333333333333,0,-1.421774589688683,-1.1850226847065533
ACT,13,24.153846153846153,0.5384615384615384,89.0,0.0,1,0.0,0.25,1.0,1.0,1,2.729343750477513,-0.3616943735902876
ACV,19,6.0,0.15789473684210525,250.0,0.0,1,0.0,0.0,0.3333333333333333,0.3333333333333333,0,-1.0783736244599376,-0.7917324048062749
ACY,37,4.54054054054054,0.13513513513513514,879.1621621621622,0.0,6,0.0,0.043478260869565216,0.16666666666666666,0.375,3,-1.2633089967151359,-0.1387803119132989
ADK,1,-4.0,0.0,1192.0,0.0,1,0.0,0.0,0.0,0.0,0,-2.8357286430913105,-0.20340818988646805
ADQ,2,-21.0,0.0,253.0,0.0,1,0.0,0.0,0.0,0.0,0,-3.1451522571472608,-1.1563791953735938
AEX,28,33.57142857142857,0.39285714285714285,342.32142857142856,0.0,3,0.0,0.25,1.0,0.4444444444444444,1,1.5298404555493939,-0.08723692169359594
AGS,22,1.1363636363636365,0.18181818181818182,143.0,0.0,1,0.0,0.3333333333333333,0.0,0.09090909090909091,0,-1.0861063097728318,-1.2349021072682131
ALB,64,25.0625,0.28125,767.15625,0.0,10,0.0,0.17142857142857143,0.6666666666666666,0.43478260869565216,3,0.46922628415655093,0.3146324358307221
ALO,6,33.166666666666664,0.8333333333333334,234.0,0.0,1,0.0,0.6666666666666666,0.0,1.0,4,4.054959936139541,-1.0397457485390602
AMA,45,53.08888888888889,0.5333333333333333,386.8888888888889,0.0,5,0.0,0.45454545454545453,0.7142857142857143,0.5625,1,2.9613445857013496,-0.17006667306967516
ANC,144,-11.854166666666666,0.08333333333333333,1472.861111111111,0.0,22,0.08108108108108109,0.022727272727272728,0.17857142857142858,0.08571428571428572,3,-2.608588227520363,1.021595981009591
APN,4,1.5,0.5,198.0,0.0,1,0.0,0.0,0.0,0.6666666666666666,5,0.17505685101337817,-1.0695406782670707
ASE,80,56.675,0.7625,662.0625,0.0,8,0.0,0.696969696969697,0.8,0.8125,4,4.671586750908703,0.32078055433852376
ATL,2838,5.490133897110641,0.2255109231853418,677.53911205074,0.0,164,0.2857142857142857,0.15132275132275133,0.34299516908212563,0.1994328922495274,2,-1.2879969016748831,8.773308260710444
ATW,21,22.80952380952381,0.42857142857142855,346.57142857142856,0.0,4,0.0,0.5,0.0,0.5,5,1.307455020663217,-0.8938328026188999
AUS,354,8.451977401129943,0.2655367231638418,824.7796610169491,0.0,34,0.1,0.14935064935064934,0.38461538461538464,0.36231884057971014,3,-0.4818470604044064,1.2624119472045474
AVL,24,8.916666666666666,0.20833333333333334,324.875,0.0,3,0.0,0.25,0.0,0.21428571428571427,0,-0.768869185461019,-0.960198147567004
AVP,13,15.615384615384615,0.3076923076923077,603.4615384615385,0.0,3,0.0,0.2857142857142857,0.5,0.25,3,0.10823942534537173,-0.2965839399662171
AZO,13,19.384615384615383,0.46153846153846156,231.3846153846154,0.0,2,0.0,0.5,0.0,0.4,5,1.1455369070152783,-1.0856739759912817
BDL,186,11.204301075268818,0.3010752688172043,860.7258064516129,0.0,19,0.0,0.3125,0.21739130434782608,0.3442622950819672,3,-0.07514183246153602,0.4593556292390058
BET,6,-11.166666666666666,0.0,399.0,0.0,1,0.0,0.0,0.0,0.0,0,-2.8833764680749074,-0.9928129190854087
BFL,28,17.535714285714285,0.25,647.3571428571429,0.0,4,0.25,0.1,0.3333333333333333,0.36363636363636365,3,-0.2955258881536041,-0.29245396615936725
BHM,111,17.576576576576578,0.36936936936936937,537.1441441441441,0.0,15,0.0,0.2647058823529412,0.7333333333333333,0.48,1,0.8556843561453021,0.33974411161511175
BIL,27,10.37037037037037,0.4074074074074074,463.14814814814815,0.0,3,0.5,0.3333333333333333,0.0,0.5714285714285714,5,0.6356361661348344,-0.775887956381299
BIS,31,11.774193548387096,0.25806451612903225,548.7096774193549,0.0,4,0.0,0.16666666666666666,0.5,0.35714285714285715,3,-0.19256536509777017,-0.27293662843722066
BJI,6,2.3333333333333335,0.16666666666666666,199.0,0.0,1,0.3333333333333333,0.0,0.0,0.0,0,-1.9627088797423247,-1.1603957750758818
BLI,11,4.636363636363637,0.09090909090909091,1278.1818181818182,0.0,4,0.0,0.125,0.0,0.0,3,-2.0804229665556506,-0.022801308270660986
BMI,21,16.952380952380953,0.38095238095238093,477.2857142857143,0.0,5,0.0,0.42857142857142855,1.0,0.3076923076923077,1,1.0950362834255007,0.025324764198608997
BNA,441,7.433106575963719,0.2562358276643991,658.8480725623583,0.0,43,0.15384615384615385,0.10619469026548672,0.6022727272727273,0.2982456140350877,3,-0.5901210719862159,1.6539895717719708
BOI,109,17.871559633027523,0.30275229357798167,666.3577981651376,0.0,12,0.0,0.32,0.3684210526315789,0.30303030303030304,3,0.21687560434064823,0.06842268143703419
BOS,830,12.714457831325301,0.23493975903614459,1143.5518072289155,0.0,53,0.1509433962264151,0.14786967418546365,0.48333333333333334,0.2713178294573643,6,-0.670114880104394,2.9716983735097897
BPT,10,48.1,0.6,270.0,0.0,1,0.0,0.42857142857142855,0.0,1.0,4,3.3282300075209648,-0.9630978892758952
BQK,6,8.166666666666666,0.3333333333333333,238.0,0.0,1,0.0,0.0,0.0,0.5,5,-0.4141653813501448,-1.0507230135308514
BQN,19,9.736842105263158,0.2631578947368421,1358.0,0.0,4,0.3333333333333333,0.14285714285714285,0.0,0.0,3,-1.41570708108695,0.08997733600554425
BRD,7,5.0,0.2857142857142857,125.14285714285714,0.0,2,0.0,0.5,0.0,0.25,5,-0.03495823786254372,-1.2496989986037772
BRO,21,17.238095238095237,0.38095238095238093,374.2857142857143,0.0,2,0.0,0.14285714285714285,1.0,0.5714285714285714,1,1.0117940524194773,-0.08395596329386386
BRW,8,-7.75,0.0,511.5,0.0,3,0.0,0.0,0.0,0.0,0,-2.8075551716369613,-0.8203852432908112
BTM,6,-4.666666666666667,0.0,358.0,0.0,1,0.0,0.0,0.0,0.0,0,-2.681370307037186,-1.026181308230747
BTR,55,43.50909090909091,0.45454545454545453,360.54545454545456,0.0,3,0.75,0.3611111111111111,0.0,0.6,5,1.8857510698936597,-0.7892141340405465
BTV,34,16.08823529411765,0.29411764705882354,535.0,0.0,6,0.6666666666666666,0.25,1.0,0.21428571428571427,1,0.26587753847770096,0.14277763543998237
BUF,145,3.806896551724138,0.2206896551724138,596.5310344827586,0.0,15,0.1,0.16666666666666666,0.25,0.3191489361702128,3,-0.7914271210063093,0.05062050030500668
BUR,165,17.89090909090909,0.2727272727272727,463.6909090909091,0.0,11,0.0,0.3088235294117647,0.4444444444444444,0.17142857142857143,3,-0.04328795977034076,-0.018089170916937933
BWI,747,12.457831325301205,0.2878179384203481,757.6666666666666,0.0,63,0.0,0.15076923076923077,0.532258064516129,0.2863247863247863,6,-0.38679500676948886,2.75393245286976
BZN,52,35.44230769230769,0.4423076923076923,836.8461538461538,0.0,10,0.0,0.43478260869565216,0.6666666666666666,0.4230769230769231,1,1.7521200279074405,0.3462945637514005
CAE,54,27.537037037037038,0.37037037037037035,503.3333333333333,0.0,6,0.0,0.3125,0.375,0.5,5,1.0879971351181648,-0.30456060019902326
CAK,56,-5.214285714285714,0.10714285714285714,589.5,0.0,10,0.0,0.030303030303030304,0.0,0.22727272727272727,0,-1.9778279897670443,-0.44457036645152664
CDC,5,0.0,0.2,221.0,0.0,1,0.0,0.3333333333333333,0.0,0.0,0,-1.247727440685863,-1.1947015284044933
CDV,3,12.333333333333334,0.6666666666666666,177.66666666666666,0.0,2,0.0,0.0,0.0,0.6666666666666666,5,0.977756838577522,-1.0364559805717535
CEC,5,-2.8,0.2,304.0,0.0,1,0.0,0.3333333333333333,0.0,0.0,0,-1.3484205199628032,-1.1152557229685847
CHA,28,10.928571428571429,0.39285714285714285,296.25,0.0,4,0.0,0.13333333333333333,1.0,0.6,1,0.9037445421588544,-0.09840012599202237
CHO,18,29.055555555555557,0.3888888888888889,474.44444444444446,0.0,3,0.0,0.14285714285714285,0.0,0.5454545454545454,5,0.6935593441217807,-0.7314722255397994
CHS,105,10.914285714285715,0.19047619047619047,578.2,0.0,16,0.0,0.1,0.46153846153846156,0.25,3,-0.7928834599963968,0.16488329899758816
CID,64,19.234375,0.4375,424.875,0.0,6,0.25,0.6296296296296297,0.14285714285714285,0.34615384615384615,5,1.2850434124196637,-0.616896913248352
CIU,6,1.1666666666666667,0.16666666666666666,284.0,0.0,1,0.0,0.25,0.0,0.0,0,-1.4950661484590297,-1.1183613957636145
CLD,19,7.052631578947368,0.10526315789473684,86.0,0.0,1,0.0,0.09090909090909091,0.0,0.14285714285714285,0,-1.5272996394764347,-1.2524038101164592
CLE,285,0.0456140350877193,0.2,747.6947368421053,0.0,28,0.6666666666666666,0.14666666666666667,0.28125,0.24,3,-1.1837757338816397,0.8000800542668217
CLL,16,70.6875,0.4375,147.125,0.0,2,0.0,0.5,0.5,0.3333333333333333,1,2.811857361886746,-0.7240154417944592
CLT,928,4.693965517241379,0.2025862068965517,736.260775862069,0.0,58,0.22727272727272727,0.1437125748502994,0.2490974729241877,0.22372881355932203,6,-1.1695108070236988,2.6679270722824384
CMH,219,8.082191780821917,0.2100456621004566,737.6575342465753,0.0,22,0.0,0.1588785046728972,0.1875,0.2911392405063291,3,-0.8429841681740609,0.45756656720137423
CMI,21,21.857142857142858,0.5714285714285714,241.28571428571428,0.0,2,0.0,0.5,0.6666666666666666,1.0,1,3.034088503135993,-0.47066420986153423
CMX,6,40.166666666666664,0.3333333333333333,359.0,0.0,1,0.0,0.0,0.0,0.6666666666666666,5,0.8147695608727599,-0.877458209141641
CNY,6,-20.0,0.0,184.0,0.0,1,0.0,0.0,0.0,0.0,0,-3.1012376348072075,-1.217078929739603
COD,6,6.666666666666667,0.3333333333333333,344.5,0.0,2,0.0,0.3333333333333333,0.0,0.3333333333333333,5,-0.0906530818872895,-0.9909164158536314
COS,83,14.493975903614459,0.25301204819277107,630.9638554216867,0.0,9,0.0,0.13114754098360656,0.0,0.5909090909090909,5,-0.11456982425172593,-0.32841094528810405
COU,13,14.0,0.46153846153846156,395.3076923076923,0.0,2,0.0,0.42857142857142855,0.0,0.5,5,0.9835884348204708,-0.9072024534636016
CPR,18,-8.555555555555555,0.1111111111111111,265.0,0.0,2,0.0,0.09090909090909091,0.0,0.14285714285714285,0,-2.0134979577535397,-1.0666966763100498
CRP,54,22.185185185185187,0.4444444444444444,257.64814814814815,0.0,3,0.0,0.3181818181818182,0.375,0.7,5,1.5696763422545157,-0.6095004174557095
CRW,21,26.80952380952381,0.38095238095238093,548.8571428571429,0.0,4,0.0,0.1,0.0,0.6363636363636364,5,0.6627014340572753,-0.6132321938214923
CSG,6,9.166666666666666,0.3333333333333333,83.0,0.0,1,0.0,0.0,0.0,0.6666666666666666,5,-0.04995359810106914,-1.1879301593620009
CVG,178,7.589887640449438,0.2696629213483146,768.6797752808989,0.0,26,0.0,0.16853932584269662,0.41935483870967744,0.3508771929824561,3,-0.42192212715201943,0.7143912743539748
CWA,13,6.846153846153846,0.46153846153846156,209.15384615384616,0.0,2,0.0,0.5,0.0,0.42857142857142855,5,0.8288476378984376,-1.1194675883954808
DAB,14,-6.571428571428571,0.07142857142857142,366.0,0.0,1,0.0,0.1,0.0,0.0,0,-2.327772195572643,-1.0162732001398018
DAL,497,15.82897384305835,0.3722334004024145,630.1307847082495,0.0,33,0.0,0.1527777777777778,0.7029702970297029,0.45,3,0.4393218568460264,1.5627556291799891
DAY,77,-1.8181818181818181,0.12987012987012986,505.8961038961039,0.0,10,0.0,0.02857142857142857,0.4,0.15625,0,-1.6785224321925216,-0.1800186532927323
DBQ,7,-20.285714285714285,0.0,147.0,0.0,1,0.0,0.0,0.0,0.0,0,-3.1020670196058675,-1.252538422157829
DCA,577,3.3310225303292893,0.1733102253032929,861.2738301559792,0.0,42,0.16666666666666666,0.12927756653992395,0.22105263157894736,0.20657276995305165,6,-1.3563844325981775,1.7397938296834146
DEN,1873,33.544046983449014,0.5670048051254671,882.8120662039508,0.0,136,0.41935483870967744,0.3481781376518219,0.7829457364341085,0.6615384615384615,2,2.101638968901366,6.998359520102043
DFW,2226,32.607816711590296,0.532345013477089,803.8247978436658,0.0,146,0.14285714285714285,0.3643312101910828,0.7250437828371279,0.5642523364485982,2,1.7763831377492119,7.729508144269131
DHN,10,9.1,0.3,170.0,0.0,1,0.0,0.0,0.0,0.6,5,-0.28665183636822117,-1.1041159423208977
DIK,11,-13.363636363636363,0.18181818181818182,484.1818181818182,0.0,2,0.0,0.14285714285714285,0.0,1.0,5,-0.3382595649147275,-0.7853556826865192
DLH,16,2.6875,0.3125,302.125,0.0,2,0.0,0.3333333333333333,0.0,0.25,5,-0.4115477805662009,-1.0305304054265665
DRO,18,35.388888888888886,0.6666666666666666,494.55555555555554,0.0,2,0.0,0.7142857142857143,1.0,0.5,1,3.404292388720739,-0.022103717295428336
DSM,78,14.782051282051283,0.32051282051282054,549.2179487179487,0.0,11,0.375,0.22580645161290322,0.5,0.32,3,0.12041999533873264,-0.009953420040997665
DTW,853,4.4314185228604925,0.21453692848769051,790.1817116060961,0.0,86,0.4,0.2123076923076923,0.23837209302325582,0.2022792022792023,6,-1.0821859419234157,3.3143022814484864
DVL,3,47.0,0.3333333333333333,453.0,0.0,2,0.0,0.0,0.0,0.5,5,0.695558686522101,-0.7706452105772347
EAU,7,30.428571428571427,0.42857142857142855,268.0,0.0,1,0.0,0.5,0.0,0.3333333333333333,5,1.252851633048222,-1.0829342500564239
ECP,24,42.708333333333336,0.2916666666666667,377.9583333333333,0.0,4,0.0,0.08333333333333333,0.0,0.5,5,0.6340116304523392,-0.7789959054425727
EGE,36,18.166666666666668,0.4444444444444444,1046.2222222222222,0.0,10,0.0,0.2222222222222222,0.3333333333333333,0.5416666666666666,3,0.7662051671644734,0.2940364924379881
EKO,9,-18.22222222222222,0.0,200.0,0.0,1,0.0,0.0,0.0,0.0,0,-3.051897130082519,-1.1939500640627732
ELM,10,15.9,0.2,587.9,0.0,3,0.0,0.2857142857142857,0.0,0.0,0,-0.9529651793356031,-0.7415619011612781
ELP,116,20.78448275862069,0.3706896551724138,638.9741379310345,0.0,12,0.0,0.3090909090909091,0.4666666666666667,0.41304347826086957,3,0.7411926066480684,0.15212869375886112
ERI,7,15.142857142857142,0.42857142857142855,398.0,0.0,1,0.0,0.5,0.0,0.3333333333333333,5,0.7707755312664425,-0.9710182087622344
ESC,5,-13.6,0.0,306.0,0.0,1,0.0,0.0,0.0,0.0,0,-2.936251281681156,-1.0899451294111626
EUG,45,-8.333333333333334,0.08888888888888889,603.2666666666667,0.0,4,0.0,0.0,0.0,0.25,0,-2.1403705096921195,-0.6069959165368081
EVV,28,16.142857142857142,0.39285714285714285,353.82142857142856,0.0,4,0.0,0.2,0.6666666666666666,0.6,1,0.9776618453890731,-0.30624007478647397
EWN,5,6.4,0.2,433.0,0.0,1,0.0,0.5,0.0,0.0,0,-0.7548820183716176,-1.0037368348306812
EWR,907,14.551267916207276,0.30760749724366043,1182.710033076075,0.0,77,0.09090909090909091,0.17819148936170212,0.445,0.38125,6,-0.2086875930936294,3.7640533554044207
EYW,34,-0.9117647058823529,0.08823529411764706,386.6764705882353,0.0,3,0.0,0.16666666666666666,0.0,0.0625,0,-1.8671957371360073,-0.9051823429114462
FAI,18,-7.111111111111111,0.05555555555555555,1038.3333333333333,0.0,2,0.0,0.125,0.0,0.0,0,-2.479335226697974,-0.31958091726764487
FAR,51,11.803921568627452,0.39215686274509803,583.9607843137255,0.0,6,0.3333333333333333,0.3333333333333333,0.75,0.4,1,0.7615486671177031,0.034251351479228406
FAT,87,16.632183908045977,0.3103448275862069,487.5287356321839,0.0,7,0.0,0.3877551020408163,0.0,0.25806451612903225,5,0.075827777607881,-0.5837719634546614
FAY,11,24.272727272727273,0.18181818181818182,331.0,0.0,1,0.0,0.0,0.0,0.25,0,-0.8414347435123977,-0.9696717754021434
FCA,13,15.923076923076923,0.46153846153846156,730.1538461538462,0.0,3,0.0,0.5,0.0,0.4444444444444444,5,1.0175948080784,-0.562131956529852
FLG,12,10.0,0.4166666666666667,119.0,0.0,1,0.0,0.3333333333333333,0.6666666666666666,0.3333333333333333,1,0.7107401308423331,-0.6995149254084913
FLL,795,4.2176100628930815,0.21006289308176102,1066.4842767295597,0.0,57,0.06666666666666667,0.11830985915492957,0.3489583333333333,0.2446351931330472,6,-1.1735428170161586,2.826169129829207
FNT,42,-3.380952380952381,0.11904761904761904,568.3571428571429,0.0,6,0.125,0.125,1.0,0.08,3,-1.3255766167409992,0.15821060611510676
FSD,53,21.245283018867923,0.4528301886792453,524.1698113207547,0.0,5,0.0,0.391304347826087,0.3333333333333333,0.5909090909090909,5,1.4363067046978761,-0.3480990424710219
FSM,16,33.75,0.375,359.0,0.0,2,0.0,0.2222222222222222,1.0,0.25,1,1.0723394344773525,-0.13336488114629338
FWA,31,8.870967741935484,0.3870967741935484,313.64516129032256,0.0,4,0.0,0.46153846153846156,0.125,0.5,5,0.7780768763881397,-0.825552005173798
GCC,13,15.846153846153847,0.38461538461538464,319.38461538461536,0.0,3,0.3333333333333333,0.4,0.0,0.4,5,0.5924903661211666,-0.9665007454743311
GCK,5,20.6,0.6,404.0,0.0,1,0.0,0.5,0.0,0.6666666666666666,5,2.026790996891932,-0.9136296577349724
GEG,86,20.174418604651162,0.27906976744186046,659.9883720930233,0.0,9,0.0,0.22727272727272727,1.0,0.3548387096774194,1,0.518703789988339,0.4566059001826432
GFK,1,-1.0,0.0,284.0,0.0,1,0.0,0.0,0.0,0.0,0,-2.556415303280789,-1.1042564261666583
GGG,4,30.75,1.0,140.0,0.0,1,0.0,1.0,0.0,1.0,4,5.173474596347284,-1.1785127798952995
GJT,34,23.470588235294116,0.23529411764705882,449.29411764705884,0.0,5,0.0,0.23529411764705882,0.4,0.16666666666666666,3,-0.15491814443488974,-0.43672491589401774
GNV,19,0.5263157894736842,0.15789473684210525,298.7368421052632,0.0,2,0.0,0.2,0.3333333333333333,0.0,0,-1.4404461738928673,-0.7880126599480313
GPT,39,18.641025641025642,0.358974358974359,392.20512820512823,0.0,3,0.0,0.3181818181818182,0.8,0.25,1,0.6421018277041469,-0.22511373665370563
GRB,40,7.925,0.3,257.45,0.0,4,0.6666666666666666,0.3157894736842105,0.4,0.15384615384615385,0,-0.24724623116342923,-0.6701192224759739
GRI,5,42.0,0.8,561.0,0.0,1,0.0,1.0,0.0,0.5,4,3.941528883891823,-0.8119479036399542
GRK,36,36.02777777777778,0.6666666666666666,249.94444444444446,0.0,3,0.0,0.42857142857142855,1.0,0.7647058823529411,1,3.357349569757128,-0.13494603733916175
GRR,90,20.711111111111112,0.35555555555555557,525.3666666666667,0.0,11,0.3333333333333333,0.15789473684210525,0.6363636363636364,0.47368421052631576,1,0.6235457775685618,0.12950214895656073
GSO,62,1.8548387096774193,0.12903225806451613,495.0483870967742,0.0,8,0.0,0.08571428571428572,0.4444444444444444,0.07692307692307693,0,-1.5632547565605988,-0.24784546600167098
GSP,59,28.52542372881356,0.4067796610169492,489.5593220338983,0.0,11,0.0,0.36,0.875,0.36363636363636365,1,1.3823345037799177,0.19682305089830135
GTF,18,17.444444444444443,0.3333333333333333,552.4444444444445,0.0,2,0.0,0.25,0.0,0.4,5,0.1331155215260111,-0.7306692074238489
GTR,6,3.3333333333333335,0.16666666666666666,241.0,0.0,1,0.0,0.3333333333333333,0.0,0.0,0,-1.248208043042876,-1.1724574079622947
GUC,16,58.25,0.625,508.9375,0.0,4,0.0,0.5,0.0,0.7,4,3.253143461744127,-0.6618327097372456
GUM,4,29.75,0.5,3801.0,0.0,1,0.0,0.5,0.0,0.0,3,0.09386761958897467,2.4045867096209865
HDN,22,59.31818181818182,0.7727272727272727,957.1818181818181,0.0,10,0.0,0.8333333333333334,0.0,0.75,4,4.3912027867129355,-0.08076762086013076
HIB,6,-0.16666666666666666,0.0,174.0,0.0,1,0.0,0.0,0.0,0.0,0,-2.5089503007513843,-1.2042626161104906
HLN,12,2.25,0.16666666666666666,450.0,0.0,2,0.0,0.1111111111111111,0.0,0.3333333333333333,0,-1.1840255347828148,-0.860019279524068
HNL,432,17.368055555555557,0.3101851851851852,1325.6342592592594,0.0,27,0.0,0.08661417322834646,0.4174757281553398,0.43010752688172044,3,-0.17871890921239533,1.7666615641092205
HOB,1,23.0,1.0,501.0,0.0,1,0.0,1.0,0.0,0.0,4,3.0554303615367004,-0.9291093583333515
HOU,482,18.11410788381743,0.4107883817427386,711.338174273859,0.0,44,0.0,0.1902439024390244,0.6724137931034483,0.5094339622641509,3,0.7564520716626747,1.891547046481612
HPN,59,6.966101694915254,0.2542372881355932,941.0338983050848,0.0,7,0.0,0.15625,0.5555555555555556,0.2777777777777778,3,-0.5647836076737478,0.27698386919657453
HRL,27,20.333333333333332,0.37037037037037035,283.22222222222223,0.0,3,0.0,0.2727272727272727,0.5,0.5,1,0.9200774210877122,-0.5538363138055667
HSV,44,23.681818181818183,0.4318181818181818,421.90909090909093,0.0,5,1.0,0.3888888888888889,0.0,0.42857142857142855,5,0.9636092153274843,-0.7399853582461376
HYS,4,7.0,0.25,298.0,0.0,1,0.0,0.3333333333333333,0.0,0.0,0,-0.9123443067401532,-1.1068656064442917
IAD,466,14.772532188841202,0.3197424892703863,1112.9206008583692,0.0,62,0.3333333333333333,0.2727272727272727,0.3431372549019608,0.3471502590673575,6,-0.03381066423140962,2.442432416938714
IAG,4,-9.25,0.0,1176.0,0.0,1,0.0,0.0,0.0,0.0,0,-2.9888211865123027,-0.2202189973907467
IAH,1440,18.384027777777778,0.37430555555555556,856.1138888888889,0.0,110,0.25,0.28063943161634103,0.5853658536585366,0.3463687150837989,2,0.3285452146808401,5.329345340352565
ICT,61,23.508196721311474,0.36065573770491804,589.0983606557377,0.0,10,0.3333333333333333,0.2962962962962963,0.6363636363636364,0.3,1,0.6844135300741185,0.08081671037823544
IDA,26,11.538461538461538,0.2692307692307692,302.2307692307692,0.0,2,0.25,0.1,0.0,0.4166666666666667,5,-0.4562141947128795,-0.9527260934885406
ILG,2,75.5,1.0,870.0,0.0,2,0.0,1.0,0.0,1.0,4,6.351406798786798,-0.3770254335153067
ILM,18,22.11111111111111,0.3333333333333333,366.3333333333333,0.0,2,0.0,0.3333333333333333,0.3333333333333333,0.3333333333333333,5,0.5714201775447926,-0.6706695054915722
IMT,6,-4.5,0.16666666666666666,162.0,0.0,2,0.0,0.3333333333333333,0.0,0.0,0,-1.4658571265738827,-1.233616115455548
IND,231,6.329004329004329,0.21212121212121213,719.0432900432901,0.0,24,0.0,0.1111111111111111,0.375,0.26666666666666666,3,-0.9151186625382745,0.6627286024068539
INL,6,20.5,0.16666666666666666,221.0,0.0,2,0.0,0.25,0.0,0.0,0,-0.9076464467731521,-1.13238873971765
ISN,25,14.8,0.24,654.48,0.0,3,0.0,0.15384615384615385,0.0,0.3333333333333333,5,-0.5565395063662777,-0.5930929536285343
ISP,43,6.651162790697675,0.23255813953488372,728.8372093023256,0.0,5,0.0,0.045454545454545456,0.5,0.4,3,-0.632194547684487,-0.03063485400139065
ITO,53,31.37735849056604,0.37735849056603776,329.8490566037736,0.0,3,0.0,0.18181818181818182,0.75,0.26666666666666666,1,0.8010824762937868,-0.2616745525969887
JAC,51,21.11764705882353,0.45098039215686275,849.2352941176471,0.0,13,0.0,0.5,0.0,0.42857142857142855,5,1.0747478804294168,-0.10970736682900442
JAN,68,33.10294117647059,0.4264705882352941,393.8382352941176,0.0,4,0.0,0.29411764705882354,0.5714285714285714,0.5555555555555556,1,1.62323560803086,-0.2691020287051025
JAX,180,8.972222222222221,0.24444444444444444,609.0166666666667,0.0,20,0.0,0.15730337078651685,0.43333333333333335,0.3148148148148148,3,-0.4932180229615759,0.4081822397475704
JFK,941,11.371944739638682,0.28374070138150903,1435.2008501594048,0.0,59,0.16666666666666666,0.1791767554479419,0.4636363636363636,0.30067567567567566,6,-0.5397456504290353,3.5973411500303896
JLN,5,57.8,1.0,327.0,0.0,1,0.0,1.0,0.0,1.0,4,5.939211017944141,-0.9594959030612897
JMS,5,52.0,0.6,181.0,0.0,2,0.0,0.0,1.0,0.5,1,2.2881759554379206,-0.22613179087838683
JNU,27,10.814814814814815,0.37037037037037035,418.18518518518516,0.0,6,0.0,0.38461538461538464,0.2,0.4444444444444444,5,0.550345527381686,-0.6087649060892153
KOA,106,10.31132075471698,0.2641509433962264,1101.698113207547,0.0,11,0.0,0.10714285714285714,0.24242424242424243,0.37777777777777777,3,-0.5944236182894642,0.4018991883967979
KTN,19,2.526315789473684,0.21052631578947367,436.6842105263158,0.0,4,0.0,0.14285714285714285,0.3333333333333333,0.2222222222222222,0,-0.9775157770625997,-0.5594356716049048
LAN,16,27.25,0.25,261.3125,0.0,4,0.0,0.42857142857142855,0.0,0.25,5,0.3450023187908369,-1.0117038465334676
LAR,7,31.428571428571427,0.2857142857142857,113.0,0.0,1,0.0,0.25,0.0,0.3333333333333333,5,0.38597462994742443,-1.2086725774862508
LAS,1180,11.548305084745763,0.29152542372881357,955.7567796610169,0.0,72,0.2127659574468085,0.15481171548117154,0.459915611814346,0.361244019138756,6,-0.38618375505278163,3.8829276753927995
LAW,8,91.5,0.75,140.0,0.0,1,0.0,0.75,0.0,0.75,4,5.292180965367897,-1.1087664325446063
LAX,1898,16.231822971549,0.33877766069546894,1262.6923076923076,0.0,78,0.25,0.2744599745870394,0.39035087719298245,0.3913764510779436,6,0.02680978569890368,5.519691873299842
LBB,33,47.45454545454545,0.6363636363636364,388.8181818181818,0.0,6,0.0,0.5294117647058824,0.75,0.75,1,3.605776941251663,-0.12523494770695776
LBE,10,-5.7,0.1,905.6,0.0,4,0.0,0.0,0.0,0.16666666666666666,0,-2.2419978542739067,-0.36992012391803625
LCH,12,16.333333333333332,0.4166666666666667,197.0,0.0,2,0.0,0.25,0.0,0.5,5,0.5946187511335349,-1.078587850511666
LEX,51,21.058823529411764,0.37254901960784315,462.1764705882353,0.0,5,0.0,0.2692307692307692,0.5,0.4666666666666667,1,0.8389012365477074,-0.28294432970064687
LFT,42,37.285714285714285,0.5714285714285714,359.95238095238096,0.0,4,0.0,0.5,0.5,0.6363636363636364,1,2.7018239549818177,-0.41068054521218716
LGA,827,1.5973397823458282,0.20193470374848851,880.5864570737606,0.0,50,0.25,0.13212435233160622,0.23076923076923078,0.2768729641693811,6,-1.2171373451752436,2.4151721586340797
LGB,90,2.911111111111111,0.12222222222222222,766.7666666666667,0.0,10,0.0,0.0975609756097561,0.08695652173913043,0.19230769230769232,0,-1.6015759429838694,-0.14544059745008078
LIH,106,28.443396226415093,0.36792452830188677,1077.7075471698113,0.0,11,0.0,0.2,0.43902439024390244,0.4,3,0.6033054922756186,0.5490948541787023
LIT,99,20.90909090909091,0.35353535353535354,526.7474747474747,0.0,12,0.0,0.23404255319148937,0.7142857142857143,0.3684210526315789,1,0.6379330973360771,0.21101165604674135
LNK,22,12.727272727272727,0.2727272727272727,501.5,0.0,3,0.0,0.25,0.5,0.16666666666666666,3,-0.2824045290634864,-0.39147384380020983
LRD,19,16.68421052631579,0.2631578947368421,356.0,0.0,2,0.0,0.09090909090909091,0.6666666666666666,0.4,1,0.03546650358389821,-0.3856640056396803
LSE,8,-10.0,0.0,215.0,0.0,1,0.0,0.0,0.0,0.0,0,-2.8102910252335187,-1.1712869191941633
LWS,6,-7.333333333333333,0.0,461.0,0.0,1,0.0,0.0,0.0,0.0,0,-2.7822816013815146,-0.9266640363219469
MAF,33,67.21212121212122,0.7575757575757576,417.1212121212121,0.0,6,1.0,0.5454545454545454,1.0,0.8235294117647058,4,4.8573088233771635,0.13688112867381638
MBS,20,13.6,0.4,278.4,0.0,4,0.0,0.5,0.0,0.4,5,0.7847468156512881,-0.9863859129648871
MCI,348,8.775862068965518,0.25,717.0431034482758,0.0,33,0.16666666666666666,0.11971830985915492,0.4090909090909091,0.32786885245901637,3,-0.6014390461225043,1.1378524813918742
MCO,1113,9.025157232704403,0.23360287511230907,977.7502246181491,0.0,70,0.05,0.1392931392931393,0.38362068965517243,0.2710526315789474,6,-0.8680525961037262,3.662586167523045
MDT,19,2.736842105263158,0.15789473684210525,632.7368421052631,0.0,5,0.0,0.0,1.0,0.2,3,-1.085708921700662,0.199254855038607
MDW,702,13.327635327635328,0.3561253561253561,801.7207977207977,0.0,62,0.5,0.3007518796992481,0.5159574468085106,0.29098360655737704,6,0.1400073001768889,2.664559860430748
MEI,9,31.22222222222222,0.5555555555555556,253.88888888888889,0.0,2,0.0,0.5,0.6666666666666666,0.5,1,2.359511292401237,-0.5175372855788467
MEM,137,13.562043795620438,0.19708029197080293,569.1678832116788,0.0,16,0.0,0.125,0.3684210526315789,0.2631578947368421,3,-0.6777940765575646,0.13898932587899246
MFE,41,19.048780487804876,0.2682926829268293,375.7073170731707,0.0,2,0.3333333333333333,0.2,0.4,0.3076923076923077,3,0.008221311492087194,-0.5600453144816105
MFR,32,5.375,0.125,517.25,0.0,3,0.25,0.13333333333333333,0.0,0.1,0,-1.6034645168386024,-0.7587000722983405
MGM,23,19.043478260869566,0.30434782608695654,291.5652173913044,0.0,2,0.0,0.15384615384615385,0.0,0.5,5,0.13312420537521427,-0.9573755128352199
MHK,14,18.0,0.5,461.0,0.0,2,0.0,0.5,0.0,0.5,5,1.3475086330423272,-0.8435464214555276
MHT,51,2.4313725490196076,0.17647058823529413,730.4705882352941,0.0,7,0.0,0.09523809523809523,0.3333333333333333,0.25,3,-1.193573642758315,-0.1252113596022453
MIA,727,11.91334250343879,0.2751031636863824,1048.5419532324622,0.0,46,0.0,0.19117647058823528,0.3924050632911392,0.2534562211981567,6,-0.5431831773460302,2.4376945944528705
MKE,255,18.525490196078433,0.4235294117647059,700.0431372549019,0.0,26,0.5,0.5042735042735043,0.38235294117647056,0.32222222222222224,3,0.9763500457983793,0.7186398477886253
MKG,6,7.166666666666667,0.16666666666666666,118.0,0.0,1,0.0,0.0,0.0,0.3333333333333333,0,-1.1979004813274614,-1.2034912727138065
MLB,12,0.4166666666666667,0.16666666666666666,442.0,0.0,1,0.0,0.2857142857142857,0.0,0.0,0,-1.476572626111892,-0.9574592781145712
MLI,34,31.323529411764707,0.5882352941176471,480.44117647058823,0.0,5,0.0,0.7333333333333333,1.0,0.4444444444444444,1,2.9963399157174067,0.050136662171967356
MLU,24,19.333333333333332,0.375,356.2916666666667,0.0,3,0.0,0.3076923076923077,0.0,0.45454545454545453,5,0.5670155115264515,-0.8872937974000599
MMH,7,1.8571428571428572,0.2857142857142857,276.85714285714283,0.0,2,0.0,0.3333333333333333,0.0,0.25,5,-0.5070023145239514,-1.074693877880972
MOB,43,26.837209302325583,0.3953488372093023,428.48837209302326,0.0,4,0.0,0.14285714285714285,0.8571428571428571,0.5333333333333333,1,1.1654455486668698,-0.04190177192440337
MOT,15,7.733333333333333,0.26666666666666666,583.3333333333334,0.0,2,0.0,0.0,0.6666666666666666,0.2857142857142857,3,-0.6643829387429001,-0.17203772151435692
MQT,3,28.333333333333332,0.6666666666666666,303.0,0.0,1,0.0,0.6666666666666666,0.0,0.0,5,1.6077436978784498,-1.0938989959804788
MRY,32,-7.84375,0.09375,285.46875,0.0,3,0.0,0.09523809523809523,0.0,0.125,0,-2.071724757005956,-0.9990412966494178
MSN,72,22.47222222222222,0.4722222222222222,430.27777777777777,0.0,8,0.42857142857142855,0.4838709677419355,0.6875,0.2777777777777778,1,1.3894569531346876,-0.09510033596974092
MSO,23,17.869565217391305,0.2608695652173913,676.2173913043479,0.0,4,0.0,0.375,0.0,0.25,5,-0.10182020821615319,-0.5873464163509999
MSP,876,7.3744292237442925,0.2420091324200913,881.1381278538813,0.0,96,0.3684210526315789,0.1503957783641161,0.5,0.22590361445783133,6,-0.8702802676034088,3.932250672412605
MSY,340,10.58235294117647,0.2529411764705882,757.5588235294117,0.0,34,0.16666666666666666,0.11392405063291139,0.5217391304347826,0.2897196261682243,3,-0.5591798083493655,1.278545215460599
MTJ,21,24.80952380952381,0.47619047619047616,754.5238095238095,0.0,9,0.0,0.14285714285714285,0.0,0.6428571428571429,5,0.9282859849079187,-0.2753847147070447
MYR,27,-3.888888888888889,0.14814814814814814,475.51851851851853,0.0,5,0.0,0.09090909090909091,0.16666666666666666,0.2,0,-1.6090559570337735,-0.6175328088250527
OAJ,10,7.3,0.2,399.0,0.0,1,0.0,0.16666666666666666,0.0,0.25,0,-0.9618532252399172,-0.9489205737535601
OAK,367,16.626702997275203,0.3460490463215259,686.8610354223433,0.0,27,0.3333333333333333,0.19889502762430938,0.5584415584415584,0.44339622641509435,3,0.38580879396216233,1.1142241058597457
OGG,206,26.20873786407767,0.44660194174757284,1320.6019417475727,0.0,18,0.0,0.06060606060606061,0.5303030303030303,0.514018691588785,3,0.670020950695121,1.2585960903216575
OKC,149,10.644295302013424,0.2684563758389262,633.0469798657718,0.0,18,0.0,0.19047619047619047,0.7142857142857143,0.27450980392156865,3,-0.2041715347140479,0.5400063984559228
OMA,145,11.158620689655173,0.31724137931034485,662.2965517241379,0.0,14,0.7142857142857143,0.2028985507246377,0.47368421052631576,0.36,3,-0.020037836319007206,0.27989226031650205
OME,5,-4.6,0.0,539.0,0.0,1,0.0,0.0,0.0,0.0,0,-2.717197815850994,-0.8475612095417318
ONT,172,11.598837209302326,0.27906976744186046,585.2441860465116,0.0,14,0.375,0.2073170731707317,0.23529411764705882,0.4166666666666667,3,-0.13880664768009318,0.06500544828602026
ORD,2325,16.66537634408602,0.370752688172043,746.5023655913978,0.0,153,0.29411764705882354,0.4225352112676056,0.3728813559322034,0.32037691401649,2,0.2963336896247411,7.686250369830344
ORF,84,1.880952380952381,0.14285714285714285,564.5595238095239,0.0,14,0.0,0.09090909090909091,0.375,0.18518518518518517,0,-1.3818314684610797,-0.025037742856595536
ORH,6,25.333333333333332,0.16666666666666666,1151.0,0.0,2,0.0,0.3333333333333333,0.0,0.0,3,-0.7850789177178131,-0.21439458233309047
OTH,1,-6.0,0.0,412.0,0.0,1,0.0,0.0,0.0,0.0,0,-2.7319936160224336,-0.9825206813257333
OTZ,6,-5.666666666666667,0.0,426.3333333333333,0.0,2,0.0,0.0,0.0,0.0,0,-2.726511300142757,-0.932761123997148
PAH,6,-12.666666666666666,0.0,342.0,0.0,1,0.0,0.0,0.0,0.0,0,-2.916083178937112,-1.051302743884377
PBG,4,18.5,0.5,1334.0,0.0,1,0.5,0.0,0.0,0.0,3,-0.7648750217904505,0.01729666181487305
PBI,281,4.708185053380783,0.18505338078291814,954.4163701067615,0.0,21,0.0,0.057971014492753624,0.4444444444444444,0.25263157894736843,3,-1.1830879763842168,0.9606258595290046
PDX,436,0.8876146788990825,0.16055045871559634,1117.7201834862385,0.0,38,0.08695652173913043,0.08530805687203792,0.27380952380952384,0.2288135593220339,3,-1.5232148187281709,1.6934941834722543
PHF,12,6.75,0.3333333333333333,508.0,0.0,1,0.0,0.3333333333333333,0.0,0.3333333333333333,5,-0.1217383269773436,-0.8441969655455127
PHL,565,12.945132743362832,0.2920353982300885,1124.7327433628318,0.0,37,0.18181818181818182,0.18565400843881857,0.4296875,0.3386243386243386,3,-0.2926090637247645,2.0377142455443646
PHX,1447,14.689702833448514,0.3282653766413269,1005.3711126468555,0.0,77,0.1774193548387097,0.25704225352112675,0.4197183098591549,0.3658008658008658,6,-0.026428132236724113,4.482840142376264
PIA,34,31.764705882352942,0.5588235294117647,447.0,0.0,5,0.0,0.5217391304347826,1.0,0.5714285714285714,1,2.7221392215925033,0.06163472114151894
PIB,6,6.833333333333333,0.3333333333333333,200.0,0.0,2,0.0,0.0,0.0,1.0,5,0.45906935230568885,-1.0155495998386732
PIH,9,-15.88888888888889,0.0,150.0,0.0,1,0.0,0.0,0.0,0.0,0,-2.9719977262134285,-1.2410664794087467
PIT,216,11.916666666666666,0.27314814814814814,777.8703703703703,0.0,23,0.0,0.2605042016806723,0.2962962962962963,0.29850746268656714,3,-0.2648818185559927,0.598315024139889
PLN,4,-12.75,0.0,243.0,0.0,1,0.0,0.0,0.0,0.0,0,-2.89770051009402,-1.1534294124981586
PNS,73,18.65753424657534,0.3698630136986301,460.986301369863,0.0,7,0.0,0.2631578947368421,0.5833333333333334,0.43478260869565216,1,0.7378420367986,-0.13335322499707916
PPG,1,-2.0,0.0,2599.0,0.0,1,0.0,0.0,0.0,0.0,3,-3.070691897792273,1.2001446972921177
PSC,21,4.761904761904762,0.23809523809523808,650.1904761904761,0.0,3,0.0,0.23076923076923078,0.0,0.2857142857142857,0,-0.7857635398611933,-0.6332223571539379
PSE,12,25.0,0.25,1325.0,0.0,2,0.125,0.5,0.0,0.0,3,-0.24653569526507463,-0.05065256141006308
PSG,6,2.6666666666666665,0.3333333333333333,77.0,0.0,2,0.0,0.0,0.0,0.3333333333333333,0,-0.8472309011070368,-1.2068792557309198
PSP,128,18.75,0.3125,648.03125,0.0,12,0.0,0.29508196721311475,0.1111111111111111,0.40816326530612246,5,0.2515797055544783,-0.10185311870964531
PUB,3,6.0,0.0,109.0,0.0,1,0.0,0.0,0.0,0.0,0,-2.3116269368953817,-1.2670684933021183
PVD,105,6.885714285714286,0.18095238095238095,750.5142857142857,0.0,11,0.0,0.12962962962962962,0.3125,0.21875,3,-1.0586212039527918,0.07416284485518426
PWM,25,21.72,0.28,539.84,0.0,6,0.3333333333333333,0.4444444444444444,0.0,0.1,5,-0.033567445483021416,-0.6863111850782408
RAP,34,33.55882352941177,0.4117647058823529,604.5294117647059,0.0,6,0.0,0.3333333333333333,0.0,0.5384615384615384,5,1.2450723923988836,-0.5196364459476464
RDD,9,1.7777777777777777,0.2222222222222222,199.0,0.0,1,0.0,0.0,0.3333333333333333,0.3333333333333333,0,-1.0084960567769703,-0.8583350997333513
RDM,20,9.4,0.15,599.1,0.0,4,0.3333333333333333,0.18181818181818182,0.0,0.0,0,-1.5098170966660396,-0.6818566485236217
RDU,287,5.219512195121951,0.18118466898954705,667.5121951219512,0.0,29,0.0,0.10077519379844961,0.3181818181818182,0.2336448598130841,3,-1.1520756222174584,0.790089197448732
RHI,8,1.875,0.375,159.25,0.0,2,0.0,0.6666666666666666,0.0,0.25,5,0.4671844723824882,-1.2364974169207266
RIC,139,9.359712230215827,0.18705035971223022,561.7194244604317,0.0,14,0.4,0.0963855421686747,0.2222222222222222,0.3333333333333333,3,-0.8515348973269307,-0.026453625538490486
RKS,12,7.916666666666667,0.25,227.58333333333334,0.0,3,0.0,0.16666666666666666,0.3333333333333333,0.3333333333333333,0,-0.4078953983194328,-0.7894741626134154
RNO,129,3.7674418604651163,0.17829457364341086,584.6356589147287,0.0,11,0.0,0.15,0.2857142857142857,0.1951219512195122,3,-1.1431508284018128,-0.08019357429401203
ROA,11,33.09090909090909,0.36363636363636365,356.45454545454544,0.0,3,0.0,0.2,1.0,0.5,1,1.4267895131081179,-0.09214118767593123
ROC,63,2.492063492063492,0.15873015873015872,523.0793650793651,0.0,11,0.0,0.10344827586206896,0.2222222222222222,0.2777777777777778,0,-1.206206357492974,-0.2921382516139562
ROW,3,84.33333333333333,1.0,435.0,0.0,1,0.0,1.0,0.0,0.0,4,4.894240551102813,-0.9209730357557223
RST,12,-14.333333333333334,0.08333333333333333,329.8333333333333,0.0,3,0.0,0.0,0.0,0.1,0,-2.545974734553945,-0.984343909543945
RSW,340,9.008823529411766,0.22058823529411764,990.8470588235294,0.0,30,0.0,0.08270676691729323,0.42028985507246375,0.2536231884057971,3,-0.9367501810241574,1.322401229259036
SAF,15,70.13333333333334,0.9333333333333333,489.53333333333336,0.0,3,0.0,1.0,0.0,0.8333333333333334,4,5.776486017992404,-0.7357102271393032
SAN,679,9.176730486008836,0.2533136966126657,977.1678939617084,0.0,42,0.0,0.17133956386292834,0.38345864661654133,0.29333333333333333,6,-0.638904943498858,2.172989199439329
SAT,290,11.689655172413794,0.29310344827586204,723.5793103448276,0.0,27,0.1,0.13846153846153847,0.5434782608695652,0.3942307692307692,3,-0.1390335771948215,1.0013337274126786
SAV,85,18.305882352941175,0.2823529411764706,611.1647058823529,0.0,10,0.0,0.16666666666666666,0.4444444444444444,0.3783783783783784,3,0.051756923205934634,0.009623931764325187
SBA,67,5.850746268656716,0.208955223880597,397.9850746268657,0.0,6,0.25,0.16,0.0,0.2903225806451613,0,-0.9293968497177566,-0.7152843276057708
SBN,34,24.029411764705884,0.38235294117647056,338.0,0.0,5,0.25,0.5263157894736842,0.0,0.2,5,0.722373448843672,-0.8897564117907106
SBP,41,18.804878048780488,0.3170731707317073,220.09756097560975,0.0,3,0.0,0.3,0.0,0.4666666666666667,5,0.41873148596093707,-0.9975006738480778
SCC,8,-14.5,0.0,309.75,0.0,2,0.0,0.0,0.0,0.0,0,-2.9651128550425776,-1.0555771133658498
SCE,12,41.916666666666664,0.3333333333333333,511.9166666666667,0.0,3,0.0,0.3333333333333333,0.3333333333333333,0.0,3,0.5256366953340853,-0.5187516130783015
SDF,91,-3.1758241758241756,0.16483516483516483,629.2967032967033,0.0,15,0.0,0.20512820512820512,0.45454545454545453,0.04878048780487805,3,-1.4444444681579287,0.10440710025377328
SEA,988,7.869433198380567,0.2257085020242915,1301.3653846153845,0.0,61,0.10810810810810811,0.1702127659574468,0.2905982905982906,0.2874493927125506,6,-0.9381264091598949,3.4533369106965544
SFO,1450,9.71103448275862,0.23724137931034484,1205.9875862068966,0.0,75,0.14814814814814814,0.20751633986928106,0.2711864406779661,0.25601750547045954,6,-0.8697960162799164,4.501958930986704
SGF,52,21.98076923076923,0.4807692307692308,466.15384615384613,0.0,4,1.0,0.5333333333333333,0.75,0.25,1,1.4890955196285083,-0.16157366252127714
SGU,12,20.833333333333332,0.16666666666666666,333.25,0.0,2,0.0,0.0,0.0,0.3333333333333333,0,-0.837770887699657,-0.9366064366798257
SHV,59,20.491525423728813,0.3898305084745763,353.59322033898303,0.0,4,0.16666666666666666,0.32142857142857145,0.6,0.5,1,1.1261030884049414,-0.3302096280109684
SIT,9,5.333333333333333,0.2222222222222222,124.33333333333333,0.0,2,0.0,0.16666666666666666,0.3333333333333333,0.0,0,-1.1454047649888959,-0.9616425671732305
SJC,329,19.480243161094226,0.3343465045592705,757.3738601823708,0.0,24,0.0,0.2532467532467532,0.47692307692307695,0.36363636363636365,3,0.34612268891838954,0.9615262702016111
SJT,8,71.25,0.75,229.0,0.0,1,0.0,0.0,1.0,1.0,1,4.187245072307392,-0.115060094782183
SJU,304,17.82236842105263,0.28289473684210525,1419.4473684210527,0.0,22,0.4,0.13580246913580246,0.24528301886792453,0.35714285714285715,3,-0.38571842321816946,1.3560363098285433
SLC,921,8.94028230184582,0.23127035830618892,743.2377850162867,0.0,79,0.1,0.19240506329113924,0.2654320987654321,0.26744186046511625,6,-0.7940058279026959,3.236204980392303
SMF,329,13.02127659574468,0.3161094224924012,680.5957446808511,0.0,23,0.2,0.2847222222222222,0.3333333333333333,0.35714285714285715,3,0.08302821502092825,0.7314805152825732
SMX,5,43.6,0.4,134.0,0.0,1,0.5,0.0,0.0,0.3333333333333333,5,0.550905483968251,-1.1248988943302756
SNA,317,4.921135646687697,0.19242902208201892,823.7381703470031,0.0,18,0.0,0.09554140127388536,0.24390243902439024,0.3025210084033613,3,-1.084112467671239,0.6558003583947284
SPI,15,19.8,0.3333333333333333,356.4,0.0,2,0.0,0.2857142857142857,0.0,0.5,5,0.4999711284055644,-0.9246509651579659
SPS,6,29.0,0.6666666666666666,113.0,0.0,1,0.0,0.5,0.5,1.0,1,3.444305614474303,-0.7633806701186705
SRQ,35,6.485714285714286,0.11428571428571428,766.5428571428571,0.0,6,0.0,0.0,0.0,0.17391304347826086,0,-1.8001922202168255,-0.3963728844299875
STC,6,11.0,0.16666666666666666,394.0,0.0,1,0.0,0.0,0.0,0.5,0,-0.8395815407736065,-0.9082042498166857
STL,407,11.132678132678132,0.33906633906633904,731.1744471744472,0.0,41,0.0,0.20707070707070707,0.5684210526315789,0.38738738738738737,3,0.0968142507189931,1.5923316571374002
STT,60,15.783333333333333,0.35,1195.4,0.0,11,0.0,0.08333333333333333,0.0,0.425531914893617,3,-0.3163957283974955,0.25010092855381155
STX,12,2.8333333333333335,0.25,954.5833333333334,0.0,4,0.0,0.25,0.0,0.25,3,-0.8979312940677575,-0.3266872104256467
SUN,15,31.466666666666665,0.5333333333333333,362.0,0.0,3,0.0,0.0,0.0,0.7272727272727273,5,1.2347652528193396,-0.7908345969335083
SUX,6,9.166666666666666,0.3333333333333333,436.0,0.0,1,0.0,0.3333333333333333,0.0,0.3333333333333333,5,-0.03432792349341025,-0.9234332388259653
SWF,5,13.0,0.4,1066.4,0.0,2,0.0,0.0,0.5,0.3333333333333333,3,-0.24405094115563608,0.18530425495079306
SYR,52,17.865384615384617,0.28846153846153844,560.2884615384615,0.0,7,0.0,0.25,0.4,0.4,3,0.2572165419541758,-0.22355235891693714
TLH,34,8.176470588235293,0.14705882352941177,371.44117647058823,0.0,3,0.0,0.0,0.4,0.23076923076923078,0,-1.2175444245257812,-0.5483646559200289
TOL,7,6.571428571428571,0.2857142857142857,213.0,0.0,1,0.0,0.0,0.3333333333333333,0.3333333333333333,0,-0.6868913474515531,-0.8361900267853895
TPA,646,9.523219814241486,0.23993808049535603,883.3777089783282,0.0,55,0.1,0.1076388888888889,0.432,0.3094170403587444,6,-0.7320783864268071,2.416640515641295
TRI,16,4.0,0.125,227.0,0.0,1,0.0,0.0,0.0,0.2222222222222222,0,-1.6362696364611553,-1.0960960717387909
TTN,28,59.0,0.35714285714285715,748.75,0.0,17,0.0,0.3125,0.5,0.3333333333333333,1,1.7009387903575859,0.30325289789662796
TUL,125,14.624,0.312,535.784,0.0,17,0.0,0.15384615384615385,0.6470588235294118,0.45,3,0.2619021757891203,0.3546198360740055
TUS,159,17.465408805031448,0.2578616352201258,726.8616352201258,0.0,15,0.0,0.18292682926829268,0.36363636363636365,0.3333333333333333,3,-0.17643956664566357,0.31110754156165266
TVC,21,23.19047619047619,0.38095238095238093,222.38095238095238,0.0,2,0.0,0.45454545454545453,0.0,0.3,5,0.7536495112164411,-1.0864154264178745
TWF,7,-4.428571428571429,0.0,175.0,0.0,1,0.0,0.0,0.0,0.0,0,-2.6360551941055657,-1.2064432707887267
TXK,6,39.5,0.6666666666666666,181.0,0.0,1,0.0,0.5,1.0,0.0,1,2.242307290903942,-0.38943650751774
TYR,17,35.529411764705884,0.47058823529411764,112.76470588235294,0.0,2,0.0,1.0,0.3333333333333333,0.625,4,3.332339207430908,-0.9783109880110594
TYS,67,18.01492537313433,0.3582089552238806,583.8805970149253,0.0,8,0.0,0.2903225806451613,0.6666666666666666,0.3333333333333333,1,0.5836449995356875,0.05419210029564155
UST,3,4.333333333333333,0.3333333333333333,705.6666666666666,0.0,2,0.0,0.0,0.0,0.5,5,-0.6269851485225515,-0.5680060192946966
VEL,6,13.833333333333334,0.16666666666666666,132.0,0.0,1,0.0,0.25,0.0,0.0,0,-1.0863223803376987,-1.255195194167599
VLD,8,10.125,0.5,208.0,0.0,1,0.0,0.3333333333333333,0.0,1.0,5,1.7268997278945124,-1.0658218051834427
VPS,44,21.863636363636363,0.3181818181818182,437.59090909090907,0.0,3,0.25,0.2631578947368421,1.0,0.2777777777777778,1,0.6719727838057569,-0.003717046981633299
WRG,6,-1.1666666666666667,0.16666666666666666,56.5,0.0,2,0.0,0.0,0.0,0.3333333333333333,0,-1.4340910846013264,-1.247795592549164
XNA,68,15.441176470588236,0.3088235294117647,504.77941176470586,0.0,7,0.0,0.2564102564102564,0.0,0.4782608695652174,5,0.15950934483634152,-0.5578985324907697
YAK,3,18.0,0.6666666666666666,208.33333333333334,0.0,2,0.0,0.5,1.0,0.0,1,1.5959279095952672,-0.3655426841210307
YUM,18,17.055555555555557,0.3333333333333333,160.0,0.0,1,0.0,0.6,0.0,0.0,5,0.20813966403906056,-1.2446909587595294
