ROUTE,flights,avg_arrival_delay,delayed_rate,avg_distance
LGA-CMH,1316,12.378419452887538,0.32674772036474165,479.0
RDU-LGA,1677,17.203339296362554,0.32558139534883723,431.0
RIC-LGA,1283,17.886204208885424,0.3195635229929852,292.0
IAH-LAX,4388,16.7383773928897,0.31517775752051047,1379.0
ORD-DEN,5517,18.13558093166576,0.3141199927496828,888.0
DEN-ASE,1019,15.618253189401374,0.3140333660451423,125.0
PHL-SJU,1024,11.0400390625,0.3115234375,1576.0
LGA-RDU,1775,13.083943661971832,0.3104225352112676,431.0
LAS-FLL,1024,14.1064453125,0.30859375,2173.0
PBI-BOS,1572,15.741730279898219,0.30470737913486007,1197.0
ORD-SAT,1021,13.888344760039177,0.3046033300685602,1041.0
DFW-TYS,1576,18.496827411167512,0.3013959390862944,771.8147208121827
LAX-FLL,1738,13.950517836593786,0.29804372842347526,2342.722669735328
RNO-LAX,1879,13.319850984566258,0.2974986695050559,391.0
ORD-JFK,1538,14.931729518855656,0.29713914174252276,740.0
CMH-LGA,1308,14.459480122324159,0.2966360856269113,479.0
ORD-EWR,3751,16.046654225539857,0.2953878965609171,719.0
SJU-EWR,1175,10.122553191489361,0.29531914893617023,1608.0
GSO-LGA,1162,15.989672977624785,0.29518072289156627,461.0
BOS-LAS,1000,9.356,0.294,2381.0
LGA-GSO,1160,13.943103448275862,0.2939655172413793,461.0
FAT-LAX,1676,14.230310262529834,0.2935560859188544,209.0
ORD-IAH,4098,13.90214738897023,0.29331381161542214,925.0
DFW-CRP,1396,14.184813753581661,0.29297994269340977,354.0
DFW-XNA,2139,14.388966806919122,0.2926601215521272,280.0
BOS-FLL,2142,11.241830065359476,0.2913165266106443,1237.0
CVG-IAH,1064,12.81015037593985,0.2894736842105263,871.0
PBI-HPN,1011,13.751730959446093,0.2888229475766568,1056.0
DFW-LIT,1271,14.365853658536585,0.2887490165224233,304.0
CHS-JFK,1177,14.873406966864911,0.28802039082412917,636.0
BOS-SJU,1006,10.77534791252485,0.28727634194831014,1674.0
PBI-LGA,2820,14.446099290780142,0.2865248226950355,1035.0
BOS-PBI,1571,10.61234882240611,0.2864417568427753,1197.0
MIA-DEN,1333,12.72543135783946,0.28507126781695424,1709.0
LIT-DFW,1264,14.85126582278481,0.28322784810126583,304.0
ORD-LAS,4217,10.50343846336258,0.28313967275314206,1514.0
DEN-COS,2018,14.763131813676909,0.2829534192269574,73.0
DFW-MAF,1081,13.803885291396854,0.2821461609620722,309.0
DAL-LGA,2470,12.832793522267206,0.2813765182186235,1381.0
CLT-JFK,2498,12.849879903923139,0.2798238590872698,541.0
ORD-MSP,6240,13.975320512820513,0.2798076923076923,334.0
TYS-DFW,1565,16.62364217252396,0.27859424920127795,771.8159744408946
MDW-LGA,2064,13.12984496124031,0.27810077519379844,725.0
SMF-SFO,1536,15.146484375,0.2779947916666667,86.0
IAH-ORD,4212,12.651709401709402,0.2775403608736942,925.0
MCO-IAD,1637,13.452046426389737,0.2773365913255956,758.0
MIA-JFK,3521,13.06191422891224,0.2771939789832434,1089.0
OAK-LAX,6053,12.430695522881216,0.27672228646951924,337.0
LAS-ONT,1370,13.208029197080291,0.27664233576642333,197.0
MSY-ORD,1334,12.9167916041979,0.2766116941529235,837.0
PHL-MIA,2614,10.358837031369548,0.27620504973221116,1013.0
DFW-EWR,2422,9.938480594549958,0.27580511973575556,1372.0
BWI-BUF,1766,11.225934314835786,0.27519818799546997,281.0
STL-LGA,1502,10.081225033288948,0.27496671105193077,888.0
PBI-JFK,1855,13.57088948787062,0.2749326145552561,1028.0
HPN-ATL,1808,14.285951327433628,0.27488938053097345,780.0
HOU-MCO,1386,12.108225108225108,0.27344877344877344,849.0
ORD-BWI,2396,12.921535893155259,0.2733722871452421,622.0
MCO-JFK,5245,15.729456625357484,0.27321258341277405,944.0
BWI-ORF,1123,12.358860195903828,0.27248441674087265,159.0
BWI-BDL,2137,12.875526438933084,0.27187646233036966,283.0
DCA-EWR,1384,11.541184971098266,0.27167630057803466,199.0
BNA-LGA,2294,12.62205754141238,0.26983435047951176,764.0
LAS-LAX,9651,11.974614029634235,0.26981659931613305,236.0
SJC-LAX,6194,12.09945108169196,0.269615757184372,308.0
CRP-DFW,1397,12.53042233357194,0.2691481746599857,354.0
ORD-MSY,1371,11.901531728665208,0.26914660831509846,837.0
MDW-SEA,1015,9.617733990147784,0.2689655172413793,1733.0
DAL-SFO,1313,12.974105102817974,0.26884996191926885,1476.0
MAF-DFW,1073,14.408201304753028,0.2684063373718546,309.0
JFK-PBI,1858,8.854682454251884,0.2680301399354144,1028.0
MIA-BOS,2274,10.725153913808267,0.2678100263852243,1258.0
LGA-FLL,5169,8.652930934416714,0.2671696653124395,1076.0
RDU-JFK,1483,10.641942009440324,0.2670262980445044,427.0
EWR-SJU,1181,7.9187129551227775,0.26672311600338694,1608.0
HPN-PBI,1010,12.20891089108911,0.26633663366336635,1056.0
ORD-OKC,1781,11.052217855137563,0.26614261650758003,693.0
ATL-HPN,1815,12.10633608815427,0.26611570247933886,780.0
BTR-DFW,2233,16.02373488580385,0.2660098522167488,383.0
LGA-RIC,1283,8.915822291504286,0.2657833203429462,292.0
LGA-BNA,2239,8.419383653416704,0.26574363555158553,764.0
RSW-JFK,1186,11.640809443507589,0.26559865092748736,1074.0
CLT-LGA,3479,12.617131359586088,0.2655935613682093,544.0
TPA-LGA,1898,13.966280295047419,0.2655426765015806,1010.0
MDW-EWR,1691,12.35659373151981,0.26552335895919577,711.0
ORD-ICT,2098,11.244518589132507,0.2650142993326978,588.0
LAX-HOU,1533,9.733855185909981,0.26353555120678407,1390.0
ORD-SFO,7273,9.259865255052935,0.26344012099546266,1846.0
IAH-LGA,2245,10.155902004454344,0.26325167037861913,1416.0
DAL-LAX,2464,10.730113636363637,0.262987012987013,1246.0
LGA-STL,1521,7.259040105193951,0.26298487836949375,888.0
ORD-LAX,7826,8.320214669051879,0.2627140301558906,1744.0
MDW-BOS,1344,11.970238095238095,0.26264880952380953,861.0
IAH-MCO,2583,14.67828106852497,0.26248548199767713,854.0
SFO-LAX,13400,11.44,0.26231343283582087,337.0
DFW-VPS,1682,11.994649227110582,0.2621878715814506,641.0
SFO-HNL,2043,13.4997552618698,0.26186979931473325,2398.0
ORD-TPA,2399,13.098791162984577,0.2617757398916215,1012.0
LGA-PBI,2839,7.984853821768228,0.2613596336738288,1035.0
MSP-IAH,1718,10.877764842840513,0.26135040745052385,1034.0
LAX-ABQ,1811,11.05577029265599,0.26118166758696854,677.0
FLL-LGA,5145,10.54382896015549,0.2610301263362488,1076.0
BWI-JAX,1089,10.401285583103764,0.26078971533516987,663.0
DEN-IAH,4766,11.318296265211918,0.26038606798153585,862.0
MIA-MCO,3015,11.588391376451078,0.2603648424543947,192.0
IAH-DTW,1886,12.1813361611877,0.26033934252386004,1075.0
RSW-BOS,1596,10.347117794486216,0.2600250626566416,1249.0
DEN-SFO,5313,9.779032561641257,0.2599284773197817,967.0
IAH-EWR,3162,10.79696394686907,0.2596457938013915,1400.0
DFW-MIA,3616,13.000276548672566,0.2594026548672566,1121.0
DTW-LGA,4233,11.596267422631703,0.2579730687455705,502.0
MIA-LGA,6109,8.892944835488624,0.25765264364053037,1096.0
IAD-MCO,1645,10.044376899696049,0.2571428571428571,758.0
ORD-TYS,2019,11.36998514115899,0.25606736007924713,475.0
IAH-AUS,2000,14.6105,0.256,140.0
FLL-BOS,2140,10.72803738317757,0.25560747663551403,1237.0
IAH-SAT,2279,12.19482229047828,0.25537516454585346,191.0
ASE-DEN,1026,10.897660818713451,0.2553606237816764,125.0
DEN-LAX,5640,10.551950354609929,0.2551418439716312,862.0
ORD-SLC,2556,11.599374021909233,0.25508607198748046,1250.0
SHV-DFW,2184,15.447344322344323,0.25503663003663,190.0
SMF-LAX,5490,10.671220400728597,0.25482695810564665,373.0
ORD-AUS,2183,10.738891433806687,0.25469537333944114,977.8144754924416
MCO-HPN,1206,12.68407960199005,0.25456053067993367,972.0
LAS-BOS,1005,8.064676616915422,0.2537313432835821,2381.0
IAH-TPA,1742,10.803099885189438,0.2537313432835821,787.0
ORD-SBN,1101,11.66030881017257,0.25340599455040874,84.0
DFW-SHV,2179,13.454795777879761,0.2533272143184947,190.0
SJU-BOS,1074,9.630353817504655,0.2532588454376164,1674.0
ORD-RDU,1864,12.006437768240342,0.2532188841201717,646.0
IAH-DEN,4457,11.726722010320843,0.25286066861117346,862.0
SFO-FLL,1238,11.235056542810986,0.252827140549273,2583.6785137318257
BWI-LAX,1104,7.158514492753623,0.25271739130434784,2329.0
EWR-ORD,3594,10.037284362826934,0.25264329437952143,719.0
DFW-JAN,2192,12.421076642335766,0.2522810218978102,408.0
ORD-LGA,9101,10.287331062520602,0.2522799692341501,733.0
DEN-EWR,2546,8.293794186959937,0.25216025137470544,1605.0
JAN-DFW,2187,12.23228166438043,0.2519433013260174,408.0
LAX-SFO,13109,10.739186818216492,0.25188801586696163,337.0
MSP-ORD,6159,12.484494236077285,0.2518265952264978,334.0
DFW-BTR,2241,13.887996430165105,0.25167336010709507,383.0
MIA-PHL,2619,10.182894234440626,0.2512409316533028,1013.0
DEN-OMA,2030,10.699507389162562,0.2512315270935961,472.0
IAH-SFO,3404,12.242361927144536,0.2511750881316099,1635.0
CLT-LAX,1951,4.067657611481292,0.2511532547411584,2125.0
PHX-HNL,1118,8.068872987477638,0.2504472271914132,2917.0
EWR-IAH,3265,7.8814701378254215,0.25022970903522207,1400.0
MIA-EWR,2646,9.943310657596372,0.24981103552532125,1085.0
ORD-XNA,2493,9.764941837144002,0.2494985960689932,522.0
EWR-PBI,2518,9.447577442414614,0.2494042891183479,1023.0
DAL-MCI,2142,11.373949579831933,0.2488328664799253,460.0
DEN-ORD,5472,12.245796783625732,0.24835526315789475,888.0
MDW-LAX,1821,4.979681493684788,0.2482152663371774,1750.0
DFW-CVG,2040,10.310294117647059,0.24754901960784315,812.0
TPA-BOS,1081,10.42368177613321,0.24699352451433856,1185.0
ORD-MCO,4350,10.45816091954023,0.24689655172413794,1005.0
IND-EWR,1200,11.6725,0.24666666666666667,645.0
PHX-ONT,2968,9.48820754716981,0.24663072776280323,325.0
ORD-LIT,1946,8.732785200411099,0.24614594039054472,552.0
DEN-FSD,1292,10.591331269349846,0.24613003095975233,483.0
VPS-DFW,1678,12.1746126340882,0.2461263408820024,641.0
SNA-SFO,4212,8.950617283950617,0.2459639126305793,372.0
MDW-SAN,1151,3.746307558644657,0.24587315377932234,1728.0
MCO-ORD,4348,11.850275988960442,0.24563017479300828,1005.0
OKC-ORD,1741,11.940264215967835,0.24526134405514072,693.0
ORD-DFW,7447,8.944944272861555,0.24519940915805022,802.0
EWR-DCA,1377,9.205519244734932,0.24473493100944083,199.0
MIA-DCA,2918,7.961274845784784,0.2446881425633996,919.0
ORD-CLE,3811,11.047231697717134,0.244555234846497,315.18945158750984
DAL-ABQ,1554,9.998069498069498,0.24453024453024452,580.0
ORD-MCI,2140,10.19252336448598,0.24439252336448597,403.0
LGA-MCO,3818,7.2386066003143,0.24436877946568883,950.0
JFK-FLL,4333,7.283637202861758,0.24417262866374337,1069.0
BWI-ISP,1483,11.856372218476062,0.24409979770734996,220.0
MCO-LGA,3813,12.989247311827956,0.24390243902439024,950.0
BWI-ORD,2374,10.287278854254422,0.2438921651221567,622.0
MIA-SFO,1017,6.425762045231072,0.24385447394296952,2585.0
ORD-BDL,1466,10.266030013642565,0.24351978171896316,783.0
SFO-IAH,3375,10.044444444444444,0.24325925925925926,1635.0
LAX-FAT,1999,11.708854427213607,0.24262131065532766,209.0
BWI-IND,1003,11.833499501495513,0.24227318045862412,516.0
LGA-MDW,2102,5.7407231208372975,0.24215033301617508,725.0
PHX-DAL,1439,8.962473940236276,0.24113968033356498,879.0
JFK-ORD,1539,7.942170240415854,0.2410656270305393,740.0
LAS-SFO,7812,9.774833589349718,0.24078341013824886,414.0
XNA-DFW,2141,12.691265763661841,0.24054180289584307,280.0
XNA-ORD,2470,14.110526315789473,0.24048582995951417,522.0
SBA-SFO,2031,9.654357459379616,0.24027572624322993,262.0
BOI-SFO,1370,11.933576642335767,0.24014598540145984,522.0
DFW-PNS,1117,9.356311548791405,0.23992837958818264,604.0
LAX-OAK,6060,9.465346534653465,0.23976897689768978,337.0
CLT-EWR,4001,10.914021494626343,0.23969007748062984,529.0
LAX-IAH,4174,9.831576425491136,0.23933876377575466,1379.0
DAL-LIT,1007,9.583912611717974,0.23932472691161866,296.0
LGA-DTW,4255,6.940305522914219,0.23924794359576967,502.0
LAX-TUS,2617,10.512800917080627,0.23920519679021782,451.0
ORD-DSM,3136,9.722895408163266,0.23915816326530612,299.0
PHX-LAX,7306,8.763345195729537,0.23898165891048453,370.0
DFW-FSM,1248,10.407051282051283,0.2387820512820513,227.0
BWI-CLE,1173,8.6538789428815,0.23870417732310314,314.0
DEN-DFW,6005,10.765362198168193,0.23846794338051625,641.0
BOS-DEN,2357,4.864234196011879,0.23801442511667373,1754.0
STL-DAL,2084,8.40355086372361,0.2380038387715931,546.0
BWI-RSW,1206,6.991708126036484,0.23797678275290216,919.0
CLE-LGA,2448,8.431372549019608,0.23774509803921567,419.0
ORD-BNA,3441,9.811101424004649,0.23772159256030223,409.0
JFK-AUS,1562,4.730473751600512,0.23751600512163892,1521.0
LAX-SMF,5483,9.833667700164144,0.23746124384461062,373.0
SLC-SFO,2924,8.474350205198359,0.23734610123119015,599.0
JFK-RDU,1489,5.620550705171256,0.23707186030893218,427.0
MDW-PHL,1810,9.769613259668509,0.23701657458563535,668.0
TPA-JFK,2486,11.034593724859212,0.23692679002413516,1005.0
MCO-IAH,2588,11.484930448222565,0.23686244204018547,854.0
DEN-LGA,3197,5.765717860494213,0.23678448545511416,1620.0
DEN-OKC,1766,8.563986409966025,0.23669309173272934,495.0
BOS-SEA,1468,4.547683923705722,0.23637602179836512,2496.0
SJU-PHL,1016,6.1112204724409445,0.23622047244094488,1576.0
DAL-ELP,1271,8.963808025177025,0.23603461841070023,562.0
BWI-ALB,1661,9.646598434677905,0.23600240818783866,289.0
LIT-ORD,1937,9.808982963345379,0.23593185338151781,552.0
ORD-MEM,2124,8.331450094161958,0.23587570621468926,491.0
LAS-SAN,4055,10.093218249075216,0.23551171393341552,258.0
PHL-PBI,1087,5.6936522539098435,0.23551057957681693,951.0
DFW-SFO,4468,8.15398388540734,0.23545210384959714,1464.0
MDW-OMA,1653,8.698729582577133,0.235329703569268,423.0
ORD-MKE,4608,8.570746527777779,0.23524305555555555,67.0
SFO-ACV,1267,9.675611681136543,0.23520126282557222,250.0
LGA-BOS,6658,7.817512766596575,0.2350555722439171,184.0
SBN-ORD,1085,17.291244239631336,0.2350230414746544,84.0
DEN-TUL,1468,9.675068119891009,0.23501362397820164,541.0
BTR-ATL,2478,13.875302663438257,0.23486682808716708,448.0
OKC-IAH,1031,13.833171677982541,0.2347235693501455,395.0
EWR-MCO,4693,7.494353292137226,0.2346047304496058,937.0
BOS-LGA,6646,9.552362323201926,0.23457718928678906,184.0
SFO-BOI,1369,9.391526661796933,0.23447772096420746,522.0
JFK-BUF,2402,7.786427976686095,0.2343880099916736,301.0
BOS-RSW,1593,5.315756434400503,0.23414940364092907,1249.0
FLL-JFK,4315,9.925376593279259,0.23406720741599074,1069.0
ORD-SAN,2636,6.3660849772382395,0.2340667678300455,1723.0
LAX-PHX,7239,9.4235391628678,0.23401022240640973,370.0
ORD-BOS,6378,7.928033866415804,0.2339291313891502,867.0
IAD-IAH,1364,7.921554252199414,0.23387096774193547,1190.0
MIA-SJU,2429,9.519143680526966,0.23384108686702346,1045.0
DFW-HOU,1510,10.362913907284769,0.2337748344370861,247.0
ORD-IAD,1900,10.39421052631579,0.2336842105263158,588.8552631578947
OAK-DEN,1234,8.622366288492707,0.233387358184765,957.0
DFW-AMA,1123,9.565449688334818,0.23330365093499555,312.0
MDW-HOU,2027,5.735076467686236,0.23285643808584114,937.0
JFK-SEA,2070,4.557004830917874,0.23285024154589373,2422.0
ORD-RSW,1800,8.404444444444444,0.23277777777777778,1120.0
IAH-MIA,2844,9.99648382559775,0.23277074542897327,964.0
PSP-SFO,2118,10.925873465533522,0.232766761095373,421.0
EWR-TPA,2076,6.5761078998073215,0.23265895953757226,997.0
HOU-AUS,1290,11.04108527131783,0.23255813953488372,148.0
ORD-PHL,4617,8.024474767164826,0.23240199263591077,678.0
DLH-ORD,1059,14.0547686496695,0.23229461756373937,397.0
MIA-BWI,1081,9.230342275670676,0.23219241443108232,946.0
BWI-RDU,1913,10.864610559330893,0.23209618400418192,255.0
LGA-DCA,3960,5.547727272727273,0.23207070707070707,214.0
BUR-SFO,1545,10.029126213592233,0.23171521035598705,326.0
DEN-MKE,2012,8.052186878727634,0.23161033797216699,896.0
JFK-BOS,4892,9.126737530662306,0.23160261651676206,187.0
JFK-MIA,3524,6.188138479001135,0.23155505107832008,1089.0
HOU-SAT,1288,9.986801242236025,0.23136645962732919,192.0
MCO-PIT,1448,8.657458563535911,0.231353591160221,834.0
IAH-PHL,2141,7.675385333956095,0.23120037365716956,1325.0
MCO-PVD,1991,10.731793068809644,0.2310396785534907,1072.0
JFK-BTV,1000,7.916,0.231,266.0
BOS-SFO,3758,5.166311868014901,0.23097392229909527,2704.0
MSY-EWR,1057,8.562913907284768,0.23084200567644275,1167.0
BWI-PVD,2439,9.560475604756048,0.23083230832308324,327.0
CLT-PHL,3349,8.778441325768886,0.23081516870707675,449.0
ATL-LGA,7955,7.944940289126335,0.23079824010056568,762.0
BWI-CHS,1001,9.134865134865136,0.23076923076923078,472.0
DAL-AUS,3819,10.821681068342498,0.23068866195339094,189.0
DEN-STL,1825,8.873424657534246,0.23068493150684932,770.0
DTW-ORD,4110,10.71265206812652,0.23065693430656933,235.0
DCA-MIA,2917,8.504628042509427,0.23037367158039082,919.0
EWR-CLE,1554,7.383526383526384,0.23037323037323038,404.0
PHX-SFO,4827,7.365858711414957,0.23037083074373316,651.0
HPN-MCO,1208,8.062913907284768,0.23013245033112584,972.0
CLT-BOS,3516,8.529294653014789,0.2300910125142207,728.0
MCO-BOS,2797,10.513049696102968,0.2295316410439757,1121.0
PHL-FLL,1878,3.099574014909478,0.22949946751863684,992.0
ABQ-DAL,1560,10.073076923076924,0.22948717948717948,580.0
FAT-SFO,1164,8.6340206185567,0.22938144329896906,158.0
CLT-SFO,1814,5.051267916207276,0.22932745314222713,2296.0
ATL-JFK,1889,9.475913181577555,0.22922181048173637,760.0
DCA-LGA,3963,4.918748422911936,0.22911935402472874,214.0
ORD-DCA,5716,8.64223233030091,0.22900629811056683,612.0
MFR-SFO,1267,10.92817679558011,0.22888713496448304,329.0
EWR-FLL,3370,5.378041543026706,0.2287833827893175,1065.0
DFW-DEN,5949,9.099344427634897,0.228777945873256,641.0
HOU-CRP,1233,9.600162206001622,0.22871046228710462,187.0
ORD-SGF,1920,8.577083333333333,0.22864583333333333,438.0
DEN-TPA,1576,8.810279187817258,0.22842639593908629,1506.0
DFW-SGF,2141,9.31013545072396,0.2283979448855675,364.0
AMA-DFW,1117,8.550581915846015,0.22829006266786034,312.0
BWI-MHT,2160,9.131481481481481,0.22824074074074074,377.0
DEN-BOS,2366,6.398562975486052,0.22823330515638207,1754.0
FSD-DEN,1302,10.469278033794163,0.22811059907834103,483.0
BWI-BOS,4292,9.87371854613234,0.22809878844361603,369.0
MSY-JFK,1088,6.342830882352941,0.22794117647058823,1182.0
SGF-ORD,1948,12.498459958932239,0.22792607802874743,438.0
BWI-LAS,1698,5.156065959952886,0.22791519434628976,2106.0
ORD-STL,2492,8.345505617977528,0.22752808988764045,258.0
JFK-RSW,1197,6.065162907268171,0.227234753550543,1074.0
RSW-ORD,1796,7.672048997772828,0.22717149220489977,1120.0
PHL-IAH,2139,5.525011687704535,0.2267414679756896,1325.0
LAX-SJC,6196,8.673983214977405,0.22659780503550678,308.0
DEN-MIA,1329,7.7125658389766745,0.22648607975921745,1709.0
DEN-AUS,2924,9.475034199726402,0.22640218878248974,775.0
ORD-OMA,1967,8.040671072699542,0.22623284189120488,416.0
LAX-HNL,5199,9.842469705712636,0.22619734564339297,2556.0
MIA-LAX,3004,4.856191744340879,0.22603195739014648,2342.0
SAN-SFO,6765,9.195713229859571,0.22601626016260162,447.0
BWI-FLL,3914,7.857179356157384,0.22585590189064894,925.0
MKE-ORD,4584,10.56631762652705,0.22578534031413613,67.0
PHX-ELP,1440,8.279861111111112,0.22569444444444445,347.0
DFW-LGA,4328,5.338724584103512,0.2255083179297597,1389.0
PHL-MCO,4794,7.257822277847309,0.22528160200250313,861.0
DTW-EWR,2082,8.088856868395773,0.22526416906820365,488.0
EWR-PHX,2060,2.4927184466019416,0.22524271844660193,2133.0
MCO-PHL,4782,10.089502300292764,0.22521957340025095,861.0
CLT-MCO,2940,8.8578231292517,0.22517006802721087,468.0
DTW-IAH,1972,5.602434077079107,0.22515212981744423,1075.0
PHL-ORD,4620,6.821861471861472,0.22510822510822512,678.0
DEN-HOU,1746,6.816151202749141,0.22508591065292097,883.0
ONT-SFO,2124,8.851694915254237,0.22504708097928436,363.0
JFK-ROC,1071,7.147525676937442,0.2250233426704015,264.0
DFW-OKC,2622,8.912280701754385,0.2250190694126621,175.0
BWI-MCO,3047,7.663931736133902,0.22481128979323925,787.0
IAH-MSY,2723,10.109805361733383,0.2247521116415718,305.0
MDW-MSP,2906,8.387474191328286,0.2247075017205781,349.0
FSD-ORD,1936,10.50206611570248,0.2246900826446281,462.0
ORD-MDT,1549,8.53582956746288,0.22466107165913493,594.0
DEN-BIL,1095,7.101369863013699,0.22465753424657534,455.0
RNO-SFO,1572,8.632951653944021,0.22455470737913485,192.0
DFW-ACT,1541,10.63724853990915,0.2245295262816353,89.0
LAX-DAL,2450,7.812244897959184,0.22448979591836735,1246.0
ORD-DTW,4149,9.927452398168233,0.22439141961918535,235.0
DEN-GEG,1326,5.9057315233785825,0.2239819004524887,836.0
ACV-SFO,1268,7.841482649842272,0.22397476340694006,250.0
DFW-LAX,6540,6.898776758409786,0.22370030581039754,1235.0
DEN-TUS,1838,7.983133841131665,0.2236126224156692,639.0
HOU-BNA,1212,8.988448844884488,0.2235973597359736,670.0
ORD-PDX,2107,6.668723303274798,0.2235405790223066,1739.0
DFW-FLL,2654,8.193669932177844,0.22305953278070836,1119.0
CVG-ORD,3901,10.175083311971289,0.22301973852858242,264.8387592924891
ATL-ORD,6373,8.448140593127256,0.22281500078455987,606.0
ATL-BTR,2483,9.370519532823197,0.22271445831655257,448.0
LGA-MKE,1154,6.546793760831889,0.22270363951473138,738.0
ORD-CVG,3829,7.829981718464351,0.22251240532776181,264.8380778271089
BOS-JFK,4893,10.030860412834661,0.22235847128550992,187.0
DEN-FAR,1215,8.232098765432099,0.2222222222222222,627.0
PBI-EWR,2507,9.492620662145992,0.2221779018747507,1023.0
RIC-ORD,1972,8.369168356997971,0.22210953346855983,642.0
PHX-SAT,1541,7.829980532121999,0.22193380921479558,843.0
SFO-MFR,1262,7.396196513470682,0.2218700475435816,329.0
BOS-MCO,2806,6.466143977191732,0.22166785459729152,1121.0
PHX-HOU,1381,7.752353367125272,0.22157856625633598,1020.0
IAD-ORD,1702,8.41421856639248,0.22150411280846063,588.8666274970623
SEA-SFO,6791,7.468708584891768,0.2214695921072007,679.0
TYS-ORD,2014,10.219960278053625,0.2214498510427011,475.0
LAX-RNO,1893,8.582144743792922,0.2213417855256207,391.0
BWI-DAL,1071,3.569561157796452,0.22128851540616246,1209.0
JFK-SJU,4388,4.967866909753874,0.22128532360984504,1598.0
ORD-BUF,1930,7.3196891191709845,0.22124352331606217,473.2139896373057
EWR-SFO,4945,4.295449949443883,0.22123356926188067,2565.0
ORD-FSD,1962,7.752293577981652,0.22120285423037717,462.0
ORD-TUL,2000,6.4365,0.221,585.0
ORD-ATL,6272,9.78140943877551,0.22098214285714285,606.0
STL-HOU,1204,7.510797342192691,0.22093023255813954,687.0
IAH-FLL,1843,9.273467173087358,0.22083559413998916,965.7167661421595
SAT-LAX,1542,5.849546044098573,0.2204928664072633,1211.0
CLT-DEN,1883,6.496548061603824,0.22039298990971853,1337.0
EWR-DEN,2592,3.6805555555555554,0.22029320987654322,1605.0
MCO-CLE,1374,7.0072780203784575,0.2197962154294032,895.0
LAS-OAK,3426,8.380910683012258,0.21978984238178634,407.0
PHX-AUS,1571,7.558879694462126,0.2196053469127944,872.0
ORD-PIT,1854,8.03883495145631,0.21952535059331177,413.0
PIT-ORD,1709,6.482153306026916,0.21942656524283208,413.0
MCO-EWR,4688,9.311220136518772,0.21906996587030717,937.0
ICT-ORD,2004,11.630239520958083,0.21906187624750498,588.0
EWR-BOS,4322,6.567792688570107,0.21888014807959277,200.0
MIA-ORD,4085,4.856058751529988,0.21884944920440635,1197.0
BWI-CMH,1385,7.954512635379062,0.2187725631768953,337.0
LAX-LAS,9522,8.655534551564797,0.21875656374711194,236.0
LAS-SAT,1271,6.331235247836349,0.2187254130605822,1069.0
DAY-ORD,2543,7.974439638222572,0.21863940228077075,240.0
MIA-RDU,1011,6.086053412462908,0.218595450049456,700.0
IAH-SAN,2004,5.770459081836328,0.218562874251497,1303.0
OMA-ORD,1922,8.766389177939645,0.21852237252861603,416.0
PHL-BOS,5155,7.750533462657614,0.21842870999030067,280.0
IAH-LAS,2752,6.164607558139535,0.21838662790697674,1222.0
DAL-SAT,2995,9.299165275459098,0.21836393989983305,248.0
DSM-ORD,2890,9.303806228373702,0.21833910034602075,299.0
PHL-LAS,2114,3.739829706717124,0.21807000946073793,2176.0
IAH-BOS,1642,6.52557856272838,0.21802679658952498,1597.0
LAX-SAT,1533,6.558382257012394,0.21787345075016307,1211.0
DSM-DEN,1139,8.698858647936786,0.2177348551360843,589.0
DFW-BWI,1737,7.373632700057571,0.21761658031088082,1217.0
LAS-DAL,1420,5.977464788732394,0.2176056338028169,1067.0
BOS-PHX,1389,2.311735061195104,0.2174226061915047,2300.0
ORD-LNK,1118,9.473166368515205,0.21735241502683364,466.0
DFW-ORD,7657,6.971398720125375,0.21705628836358887,802.0
MDW-STL,2093,7.984233158146202,0.21691352126134736,251.0
EWR-BNA,1842,5.937024972855592,0.21661237785016288,748.0
DFW-MCO,3751,8.701946147693949,0.21647560650493203,985.0
ORD-SYR,1581,7.364958886780519,0.21631878557874762,607.0
MDW-BWI,1905,8.043044619422572,0.2162729658792651,611.0
SAN-LAS,4051,7.400394964206368,0.2162429029869168,258.0
DAL-MAF,1476,8.575880758807589,0.21612466124661248,319.0
STL-EWR,1777,9.89251547552054,0.2160945413618458,872.0
SBP-LAX,1347,7.583518930957684,0.21603563474387527,156.0
BWI-TPA,2139,6.276764843384759,0.21598877980364656,842.0
ORD-FAR,2028,8.430473372781066,0.21597633136094674,557.0
IAD-LAS,1167,5.73521850899743,0.2159383033419023,2065.0
SFO-SMF,1543,8.102397926117952,0.21581335061568374,86.0
MDW-CMH,1776,7.116554054054054,0.21565315315315314,283.0
TPA-EWR,2065,8.505084745762712,0.21549636803874092,997.0
PHX-JFK,2280,5.3162280701754385,0.21535087719298246,2153.0
JFK-PHX,2276,1.9666080843585236,0.21528998242530756,2153.0
PHL-LAX,1858,1.232508073196986,0.21528525296017223,2402.0
MKE-EWR,1022,7.271037181996086,0.21526418786692758,725.0
SDF-ORD,1232,8.879058441558442,0.2150974025974026,286.8400974025974
RDU-ORD,1907,9.123230204509701,0.2149973780807551,646.0
DFW-TYR,1535,9.88729641693811,0.21498371335504887,102.0
ORD-CWA,1335,8.579026217228465,0.2149812734082397,212.19026217228463
BWI-BNA,1838,7.814472252448313,0.21490750816104462,587.0
JFK-MCO,5249,4.192608115831587,0.21489807582396647,944.0
ORD-CMH,3319,7.8116902681530584,0.21482374209099125,296.0
JFK-SLC,1821,3.2828116419549698,0.21471718835804504,1990.0
DEN-ABQ,1636,7.344132029339853,0.2145476772616137,349.0
SLC-ORD,2593,8.77632086386425,0.21442344774392597,1250.0
LAS-SJC,2777,6.0180050414115955,0.21425999279798344,386.0
SFO-AUS,2012,6.52286282306163,0.21421471172962225,1504.0
DEN-BWI,1872,6.2414529914529915,0.2142094017094017,1491.0
CLE-EWR,1494,10.21954484605087,0.214190093708166,404.0
FLL-LAX,1742,5.074052812858783,0.21412169919632607,2342.723880597015
DHN-ATL,1243,9.275945293644408,0.21399839098954143,170.0
CLT-DCA,2426,7.923330585325639,0.21393239901071723,331.0
IAH-BNA,1024,8.3056640625,0.2138671875,657.0
LFT-ATL,1180,9.912711864406779,0.2135593220338983,503.0
FLL-SJU,2777,7.156643860280878,0.21353979114151964,1046.0
DCA-DEN,1303,6.962394474290099,0.21335379892555642,1476.0
PHX-BOS,1402,4.0691868758915835,0.21326676176890158,2300.0
LGA-MIA,6146,1.5989261308167915,0.21298405466970388,1096.0
BNA-ORD,3329,9.848603184139382,0.2129768699309102,409.0
LAX-MDW,1827,5.261631089217296,0.21291735084838534,1750.0
LGA-DEN,3194,3.332498434564809,0.2128991859737007,1620.0
OAK-SAN,3448,8.44054524361949,0.212877030162413,446.0
DEN-BOI,1931,7.267219057483169,0.21284308648368722,649.0
LAS-TUS,1096,7.239051094890511,0.2125912408759124,365.0
CLT-BWI,3332,7.34093637454982,0.21248499399759904,361.0
IAH-CVG,1060,8.415094339622641,0.21226415094339623,871.0
DFW-BRO,1005,7.787064676616915,0.21194029850746268,482.0
ORD-FLL,2496,6.909455128205129,0.21193910256410256,1182.0
EVV-ORD,1647,8.551912568306012,0.2119004250151791,272.1827565270188
MDW-SDF,1128,8.88918439716312,0.21187943262411346,271.0
EWR-LAX,4532,4.664386584289497,0.2118270079435128,2454.0
FLL-ORD,2503,5.3927287255293646,0.21174590491410308,1182.0
HOU-DFW,1502,11.511318242343542,0.21171770972037285,247.0
ORD-PHX,4358,4.066085360256999,0.21156493804497475,1440.0
SFO-OGG,1414,6.766619519094767,0.21145685997171146,2338.0
LAX-DEN,5680,7.369718309859155,0.2112676056338028,862.0
BOS-TPA,1084,5.525830258302583,0.21125461254612546,1185.0
SAN-SJC,2978,7.69341840161182,0.21121558092679651,417.0
CVG-DFW,2018,4.837462834489593,0.21110009910802774,812.0
PHL-SFO,2037,1.1678939617083948,0.2110947471772214,2521.0
EWR-MKE,1028,3.9212062256809337,0.21108949416342412,725.0
ATL-AEX,1213,8.03709810387469,0.2110469909315746,500.0
JFK-PWM,1142,6.341506129597198,0.21103327495621715,273.0
TUS-LAX,2612,7.868300153139357,0.21094946401225115,451.0
ABQ-PHX,2449,9.050224581461821,0.21069824418129848,328.0
DFW-LFT,1552,8.320231958762887,0.2106958762886598,351.0
DAL-MCO,1002,6.417165668662674,0.21057884231536927,973.0
SFO-DEN,5011,7.492117341847934,0.21053681899820395,967.0
BNA-TPA,1203,8.935162094763092,0.21030756442227763,612.0
LGA-TPA,1902,5.936908517350158,0.2103049421661409,1010.0
ORD-SEA,3895,4.905006418485238,0.21026957637997432,1721.0
DAL-STL,2079,8.063973063973064,0.2101972101972102,546.0
MCI-ORD,2065,10.876997578692494,0.21016949152542372,403.0
DFW-RSW,1142,8.035026269702277,0.21015761821366025,1017.0
LAS-AUS,1190,6.74453781512605,0.21008403361344538,1090.0
MIA-TPA,1985,6.7596977329974814,0.21007556675062972,204.0
BWI-HOU,1038,3.6078998073217727,0.21001926782273603,1246.0
SFO-SLC,3225,7.596279069767442,0.20992248062015503,599.0
HOU-MAF,1110,7.987387387387387,0.2099099099099099,441.0
ORD-GRR,2869,7.086441268734751,0.20982920878354827,137.0
SEA-JFK,2075,4.11421686746988,0.20963855421686747,2422.0
JFK-TPA,2494,3.809943865276664,0.20930232558139536,1005.0
ORD-RIC,2045,7.511002444987775,0.20929095354523228,642.0
MCO-SJU,3537,8.25219112242013,0.2092168504382245,1189.0
TPA-ORD,2382,5.657850545759866,0.20906801007556675,1012.0
HPN-ORD,1670,5.934730538922156,0.2089820359281437,738.0
DFW-PHL,3527,5.008222285228239,0.20895945562801246,1303.0
DAL-HOU,6047,8.91351083181743,0.20869852819579957,239.0
DEN-DTW,2655,6.4135593220338984,0.20866290018832392,1123.0
MIA-DFW,3614,5.06945213060321,0.20863309352517986,1121.0
TUL-ORD,2033,8.443679291687161,0.2085587801278898,585.0
CMH-ORD,3127,8.192196993923888,0.20850655580428526,296.0
SJU-ORD,1012,6.691699604743083,0.208498023715415,2072.0
SFO-EUG,1813,7.050744622173194,0.2084942084942085,451.0
MEM-IAH,1650,6.173939393939394,0.2084848484848485,468.0
PHL-DFW,3528,3.8370181405895694,0.20833333333333334,1303.0
SBP-SFO,1009,5.939544103072349,0.20812685827552033,190.0
SFO-DAL,1312,7.899390243902439,0.20807926829268292,1476.0
SJC-ONT,1293,9.002320185614849,0.20804331013147717,333.0
DEN-IND,1872,7.6885683760683765,0.2077991452991453,977.0
BOS-ORD,6368,5.179805276381909,0.2077575376884422,867.0
BNA-BWI,1815,7.008815426997245,0.20771349862258953,587.0
DEN-MSY,1546,6.471539456662354,0.2076326002587322,1062.0
LAS-CLE,1373,5.586307356154406,0.20757465404224326,1824.0
CLT-IAH,3528,7.096371882086168,0.20748299319727892,912.0
HOU-DAL,6069,9.773933102652826,0.20744768495633548,239.0
DEN-DAL,1456,5.569368131868132,0.20741758241758243,651.0
DEN-ISN,1133,6.545454545454546,0.20741394527802295,576.0
CLT-ORD,4540,6.923788546255507,0.20726872246696035,599.0
CLT-MIA,2954,6.616790792146243,0.2071767095463778,650.0
BDL-ORD,1424,6.128511235955056,0.2071629213483146,783.0
IAH-IAD,1294,7.571870170015456,0.2071097372488408,1190.0
LAX-BNA,1624,4.140394088669951,0.20689655172413793,1797.0
IAH-MFE,1891,7.969857218402962,0.20676890534108938,316.0
BWI-DEN,1872,3.7334401709401708,0.20673076923076922,1491.0
DEN-LAS,6208,6.628060567010309,0.20666881443298968,628.0
ORD-CID,2696,5.8972551928783385,0.2062314540059347,196.0
DEN-BIS,1261,6.53370340999207,0.20618556701030927,516.0
LGA-ORD,9179,3.7655518030286523,0.2060137269855104,733.0
AUS-DEN,2826,7.768931351733899,0.2059447983014862,775.0
MEM-ORD,2104,7.238117870722434,0.20579847908745247,491.0
JFK-MSY,1084,1.933579335793358,0.20571955719557194,1182.0
AEX-ATL,1211,12.964492155243601,0.2056151940545004,500.0
MDW-DEN,2647,3.343029845107669,0.20551567812618057,895.0
SFO-PSP,2119,7.72203869749882,0.2052855120339783,421.0
IAH-TUS,1136,5.549295774647887,0.2051056338028169,936.0
HOU-LAX,1531,4.0071848465055515,0.20509470934030047,1390.0
LAS-MCI,1600,6.241875,0.205,1139.0
CHS-EWR,1201,11.312239800166529,0.2048293089092423,628.0
TPA-PHL,2344,8.209470989761092,0.20477815699658702,920.0
DEN-MCO,2873,6.05012182387748,0.20466411416637662,1546.0
MRY-LAX,1476,8.863821138211382,0.2046070460704607,266.0
LAX-MRY,1457,6.321894303363075,0.20452985586822237,266.0
CLT-PVD,1027,8.04479065238559,0.2044790652385589,683.0
MDW-PIT,1702,6.709753231492362,0.2044653349001175,402.0
MDW-FLL,1140,6.471929824561403,0.2043859649122807,1166.6868421052632
LAS-JFK,3638,5.218526663001649,0.20423309510720175,2248.0
PHX-MCO,1283,5.750584567420109,0.20420888542478566,1849.0
ORD-MIA,4090,8.01002444987775,0.2041564792176039,1197.0
BUF-ORD,1916,5.957202505219207,0.20407098121085596,473.21294363256783
FLL-EWR,3362,5.983343248066627,0.20404521118381916,1065.0
MKE-LGA,1147,7.312990409764604,0.2040104620749782,738.0
MDW-PHX,2221,3.0292660963529943,0.20396217919855922,1444.0
DFW-IAH,3891,8.178617322025186,0.2038036494474428,224.0
MSP-LGA,2106,4.85375118708452,0.2037037037037037,1020.0
IAD-LAX,3569,2.3474362566545253,0.20369851499019334,2288.0
DEN-MSP,5468,5.6532553035844915,0.20354791514264814,680.0
LGA-ATL,7953,3.0031434678737585,0.20344524078963913,762.0
PNS-DFW,1111,9.56075607560756,0.20342034203420342,604.0
DEN-SAT,1716,5.4178321678321675,0.20337995337995338,794.0
BOS-IAH,1633,2.7330067360685852,0.20330679730557258,1597.0
MCO-BUF,1512,7.213624338624339,0.20304232804232805,1011.0
EWR-STL,1729,3.8924233661075767,0.20300751879699247,872.0
ATL-PHF,1238,7.563004846526656,0.20274636510500807,508.0
LAS-BWI,1692,5.133569739952718,0.20271867612293143,2106.0
SAN-LAX,4539,6.497025776602776,0.20268781669971359,109.0
TPA-SJU,1086,7.883057090239411,0.20257826887661143,1237.0
SEA-BOS,1476,3.7371273712737128,0.20257452574525744,2496.0
SFO-RNO,1570,8.180254777070063,0.20254777070063695,192.0
BWI-SDF,1106,5.367088607594937,0.20253164556962025,495.0
MIA-IAH,2840,5.625,0.20246478873239437,964.0
OAK-PDX,1775,5.989295774647887,0.20225352112676057,543.0
LAX-MIA,3002,5.3930712858094605,0.2021985343104597,2342.0
ATL-CSG,1059,8.419263456090652,0.20207743153918792,83.0
LAX-CLT,1945,2.455012853470437,0.2020565552699229,2125.0
CRW-ATL,1287,8.162393162393162,0.20202020202020202,363.0
DFW-TPA,2461,6.0751726940268185,0.20195042665583096,929.0
DFW-TUL,2576,6.576863354037267,0.20186335403726707,237.0
MDW-LAS,2705,4.140110905730129,0.20184842883548984,1521.0
ATL-GNV,2071,8.1405118300338,0.2018348623853211,300.0
BOS-RIC,2222,7.628712871287129,0.20162016201620162,474.0
LGB-LAS,1131,6.188328912466844,0.20159151193633953,231.0
MSP-EWR,1295,4.925096525096525,0.20154440154440154,1008.0
DEN-BUR,1241,7.427880741337631,0.20145044319097502,850.0
MCI-DEN,2096,9.327290076335878,0.2013358778625954,533.0
EWR-MIA,2663,2.2238077356365,0.20127675553886595,1085.0
ORD-MBS,1143,5.384076990376203,0.20122484689413822,222.0
ICT-IAH,1074,7.058659217877095,0.2011173184357542,542.0
MCO-BDL,1647,7.343047965998785,0.20097146326654525,1050.0
SLC-IAH,1981,5.286219081272085,0.20090863200403836,1195.0
IAH-MSP,1649,5.673741661613099,0.20072771376591875,1034.0
DEN-SEA,5108,5.746671887235709,0.20066562255285827,1024.0
MDW-DTW,2751,8.08869501999273,0.20065430752453653,228.0
IND-ORD,2907,5.205022359821122,0.2005503955968352,177.0
OAK-ONT,2130,7.446478873239436,0.20046948356807512,362.0
DEN-IAD,3135,5.222647527910686,0.20031897926634767,1452.0
DAL-DCA,2449,4.805226623111474,0.2000816659861168,1184.0
BWI-MDW,1886,5.90880169671262,0.19989395546129374,611.0
DEN-SLC,5819,5.3816807011514,0.19986251933321877,391.0
DEN-ONT,1148,5.519163763066202,0.1994773519163763,819.0
MSP-DFW,2517,6.7369884783472385,0.19944378228049264,852.0
ORD-DLH,1053,7.531813865147199,0.19943019943019943,397.0
DFW-DTW,2594,6.764070932922128,0.19930609097918273,986.0
LFT-DFW,1541,7.905256327060351,0.19922128487994809,351.0
TYR-DFW,1532,9.91579634464752,0.19908616187989556,102.0
DTW-PHL,1970,5.311167512690355,0.19898477157360406,453.0
JFK-SAN,1669,-0.9826243259436789,0.19892150988615936,2446.0
IAH-ELP,1524,6.125984251968504,0.19881889763779528,667.0
OMA-IAH,1142,6.974605954465849,0.1987740805604203,781.0
MDW-MCI,2400,5.945833333333334,0.19875,405.0
IAH-ATL,3905,8.208450704225353,0.19871959026888605,689.0
BOS-EWR,4336,5.207795202952029,0.198570110701107,200.0
DEN-PHX,7152,6.382270693512305,0.19854586129753915,602.0
EWR-RSW,1360,2.524264705882353,0.19852941176470587,1068.0
DFW-GRK,2503,5.750699161006792,0.1981622053535757,134.0
IAH-DCA,1989,5.423831070889895,0.19808949220713926,1208.0
ORD-MSN,3016,4.940318302387268,0.1979442970822281,108.0
SLC-LAX,5522,5.9380659181455995,0.1977544367982615,590.0
JFK-ATL,1887,2.9199788023317437,0.1976682564917859,760.0
LAS-SMF,2475,6.237171717171718,0.19757575757575757,397.0
DEN-MCI,2082,7.506243996157541,0.19740634005763688,533.0
DFW-CLE,1530,4.805882352941176,0.19738562091503267,1021.0
ATL-OAJ,1120,10.025,0.19732142857142856,399.0
ATW-ORD,1359,8.90139808682855,0.19720382634289918,160.0
SJC-SAN,2973,7.770602085435587,0.19710729902455432,417.0
BWI-DFW,1731,7.339110340843443,0.19699595609474294,1217.0
ORD-DAY,2508,5.512759170653908,0.19696969696969696,240.0
CVG-EWR,1371,6.555798687089715,0.19693654266958424,569.0
HOU-OKC,1173,7.202046035805626,0.1969309462915601,419.0
LAX-STL,1453,6.867859600825877,0.19683413626978666,1592.0
FAR-ORD,2023,8.053386060306476,0.1967375185368265,557.0
CLT-PHX,2832,2.8315677966101696,0.196680790960452,1773.0
TPA-IAH,1739,5.8355376653249,0.19666474985623922,787.0
MCO-BWI,3046,5.381483913328956,0.19665134602757714,787.0
SFO-MIA,1013,7.022704837117473,0.1964461994076999,2585.0
STL-ORD,2710,7.5745387453874535,0.196309963099631,258.0
DFW-JAX,1228,4.140879478827362,0.1962540716612378,918.0
DTW-MDW,2733,6.96963044273692,0.19612147822905232,228.0
PHL-TPA,2383,3.2807385648342424,0.19597146454049516,920.0
DFW-LAS,4226,5.112872692853762,0.195929957406531,1055.0
SEA-OAK,3226,6.412895226286423,0.1959082455052697,671.7557346559206
IAH-SEA,2192,5.023266423357664,0.1957116788321168,1874.0
SFO-ORD,7244,5.298868028713418,0.19561016013252347,1846.0
SFO-DFW,4459,7.615160349854228,0.195559542498318,1464.0
PIA-ORD,2071,6.7402221149203285,0.19555770159343314,130.0
PHL-PHX,2378,1.3116063919259882,0.19554247266610597,2075.0
LGA-MSP,2107,4.130517323208353,0.19553868058851448,1020.0
DAL-BWI,1069,4.527595884003742,0.19550982226379796,1209.0
DEN-MAF,1054,6.176470588235294,0.1954459203036053,563.0
HOU-HRL,1533,5.999347684279191,0.19504240052185257,277.0
SEA-HNL,1733,1.6872475476053088,0.19503750721292556,2677.0
IAH-PHX,3251,6.853275915103045,0.19501691787142417,1009.0
MGM-ATL,2185,8.199084668192219,0.19496567505720824,147.0
ATL-PHL,6526,5.575390744713454,0.19491265706405148,666.0
ABQ-LAX,1801,6.551915602443088,0.1948917268184342,677.0
LAS-ORD,4182,5.4232424677187945,0.194882831181253,1514.0
DFW-MSY,2572,5.362363919129082,0.1947900466562986,447.0
MDW-TPA,1417,4.915314043754411,0.19477769936485534,997.0
ORD-MLI,1525,3.540983606557377,0.19475409836065574,139.0
EUG-SFO,1813,6.624379481522339,0.1947049089906233,451.0
OAK-SEA,3210,5.8847352024922115,0.19470404984423675,671.7548286604361
BOS-LAX,3940,1.132233502538071,0.19467005076142133,2611.0
DEN-DCA,1306,4.638591117917305,0.19448698315467075,1476.0
RDU-BOS,1492,6.994638069705094,0.19436997319034852,612.0
LAX-SAN,4538,6.04186866460996,0.19435874834728956,109.0
HOU-BWI,1024,4.8427734375,0.1943359375,1246.0
PHX-CMH,1050,3.743809523809524,0.19428571428571428,1670.0
SFO-LAS,7945,6.294147262429201,0.19421019509125237,414.0
AGS-ATL,2344,8.474829351535837,0.19411262798634812,143.0
LAS-IAH,2757,5.8211824446862535,0.19405150525933987,1222.0
DCA-ORD,5705,6.997546012269939,0.19386503067484662,612.0
DFW-LAW,1238,6.768174474959612,0.1938610662358643,140.0
ORD-LSE,1104,3.7346014492753623,0.19384057971014493,215.0
DFW-SAN,3245,5.6120184899845915,0.1938366718027735,1171.0
JFK-SFO,8301,-0.5549933742922539,0.19371160101192628,2586.0
PHX-IND,1301,7.391237509607993,0.19369715603382015,1488.0
EWR-LAS,1678,1.1567342073897497,0.1936829558998808,2227.0
DFW-MSP,2530,4.994466403162055,0.19367588932806323,852.0
MDW-CLE,1766,5.561155152887882,0.19365798414496035,307.0
ATL-MGM,2185,6.982151029748284,0.19359267734553776,147.0
IAD-BOS,1980,6.91969696969697,0.19343434343434343,413.0
CLE-MCO,1376,6.1438953488372094,0.1933139534883721,895.0
IAD-DEN,3053,4.165411071077629,0.19325253848673435,1452.0
DFW-ELP,1330,5.223308270676692,0.19323308270676692,551.0
DFW-LRD,1237,4.598221503637833,0.19320937752627323,396.0
LAS-MIA,1382,5.38712011577424,0.19319826338639653,2174.0
PHX-ORD,4348,7.015639374425023,0.19319227230910763,1440.0
PHL-ATL,6519,2.176407424451603,0.1931277803344071,666.0
PHX-DEN,7137,5.764186633039092,0.1930783242258652,602.0
FSD-MSP,1264,6.6511075949367084,0.1930379746835443,196.0
HOU-MSY,3001,6.871709430189937,0.19293568810396536,302.0
MOB-ATL,2234,8.864816472694718,0.19292748433303492,302.0
SAT-ORD,1048,4.818702290076335,0.19274809160305342,1041.0
MCO-MKE,1240,4.157258064516129,0.19274193548387097,1066.0
GNV-ATL,2066,8.933688286544047,0.19264278799612777,300.0
DEN-MOT,1002,5.333333333333333,0.19261477045908185,604.0
CLT-RSW,1714,4.633022170361727,0.19253208868144692,600.0
ORD-CMI,1679,2.72066706372841,0.1923764145324598,135.0
CLT-LAS,1544,1.7117875647668395,0.19235751295336787,1916.0
IAH-MEM,1700,7.515882352941176,0.1923529411764706,468.0
DFW-IND,1560,3.957051282051282,0.19230769230769232,761.0
SBA-LAX,1426,4.64726507713885,0.19214586255259467,89.0
LAS-LGB,1130,7.587610619469027,0.1920353982300885,231.0
LGA-CLE,2466,1.5287915652879156,0.19180859691808597,419.0
BHM-IAH,1549,6.007101355713363,0.19173660426081343,562.0
BNA-MCO,1403,6.144689950106914,0.1917320028510335,616.0
DFW-IAD,1278,3.5492957746478875,0.19170579029733958,1172.0
DEN-MDW,2640,4.743939393939394,0.19166666666666668,895.0
ATL-DHN,1242,5.737520128824476,0.19162640901771336,170.0
ABQ-DEN,1566,5.4265644955300125,0.19157088122605365,349.0
FLL-DCA,2428,4.712520593080725,0.1915156507413509,899.0
DFW-AUS,4538,6.674085500220361,0.19149405024239755,190.0
IAH-DFW,3850,7.507012987012987,0.19142857142857142,224.0
DFW-BOS,2983,4.030841434797184,0.1914180355346966,1562.0
ORD-HPN,1673,2.2743574417214583,0.19127316198445907,738.0
DEN-SAN,3885,4.512483912483913,0.19124839124839124,853.0
STL-MCI,1187,6.165964616680708,0.19123841617523168,237.0
BNA-EWR,1747,6.911848883800801,0.19118488838008013,748.0
PHX-OAK,2495,4.741482965931864,0.19118236472945893,646.0
LAS-DEN,6192,7.070413436692506,0.19089147286821706,628.0
ORD-CLT,4644,3.9061154177433246,0.19078380706287684,599.0
DAL-AMA,1190,7.364705882352941,0.1907563025210084,323.0
BOS-MIA,2266,1.9073256840247133,0.19064430714916153,1258.0
DFW-SMF,1301,1.3758647194465796,0.19062259800153727,1431.0
LGA-IAH,2215,0.8772009029345372,0.1905191873589165,1416.0
OMA-DEN,2063,6.026660203587009,0.19049927290353855,472.0
OGG-SEA,1239,3.5996771589991927,0.19047619047619047,2640.0
DTW-DFW,2583,4.310491676345335,0.19047619047619047,986.0
SYR-ORD,1544,3.5887305699481864,0.19041450777202074,607.0
ORD-SNA,2106,0.9605887939221273,0.19040835707502374,1726.0
SGF-ATL,1282,9.277691107644305,0.19032761310452417,563.0
MCO-DEN,2853,5.232737469330529,0.19032597266035753,1546.0
ATL-EWR,4980,4.99136546184739,0.19016064257028112,746.0
CLT-BUF,1194,5.455611390284757,0.19011725293132328,546.0
ATL-MLU,1189,6.814129520605551,0.1900756938603869,448.0
BOI-DEN,1894,7.527455121436114,0.1900739176346357,649.0
OMA-MSP,1263,7.871733966745843,0.19002375296912113,282.0
CLT-RIC,1337,6.784592370979806,0.18997756170531038,257.0
LAX-ORD,8131,3.653425162956586,0.18976755626614192,1744.0
DAL-MDW,1935,4.822222222222222,0.1896640826873385,793.0
JFK-LAS,3649,0.6673061112633598,0.18964099753357083,2248.0
DFW-MFE,1398,5.421316165951359,0.18955650929899856,469.0
PBI-PHL,1083,5.684210526315789,0.18928901200369344,951.0
BNA-MDW,1997,5.881321982974462,0.18928392588883325,395.0
LAX-AUS,2579,6.423807677394339,0.1892206281504459,1242.0
AUS-HOU,1295,7.123552123552123,0.1891891891891892,148.0
ATL-MOB,2231,7.089197669206634,0.18915284625728374,302.0
LAX-DTW,1995,5.201503759398496,0.18897243107769424,1979.0
BWI-STL,1191,4.043660789252729,0.1889168765743073,738.0
DEN-SMF,2377,4.296592343289861,0.18889356331510307,909.0
LAS-ABQ,1260,5.81984126984127,0.18888888888888888,486.0
SAN-OAK,3458,5.200983227299017,0.18883747831116252,446.0
MLU-ATL,1181,10.198983911939035,0.18882303132938189,448.0
BNA-LAX,1621,0.5595311536088834,0.18877236273904996,1797.0
JFK-CLT,2501,4.019192323070771,0.18872451019592162,541.0
TUL-DEN,1436,3.752089136490251,0.18871866295264625,541.0
SGF-DFW,2137,8.053813757604118,0.18858212447356107,364.0
MCI-IAH,1671,7.2459605026929985,0.18850987432675045,643.0
12892-14771,1322,4.82375189107413,0.18835098335854766,337.0
MSP-SFO,2437,1.5445219532211736,0.18834632745178498,1589.0
IAD-DFW,1307,4.472838561591431,0.18821729150726854,1172.0
DAL-DEN,1483,3.0822656776803776,0.18813216453135537,651.0
ONT-OAK,2116,6.155954631379962,0.1880907372400756,362.0
MCI-DAL,2138,5.239943872778298,0.1880261927034612,460.0
PHL-DEN,2112,0.004261363636363636,0.18797348484848486,1558.0
DFW-ONT,1410,4.335460992907802,0.1879432624113475,1188.0
EWR-MDW,1703,3.4227833235466822,0.18790369935408102,711.0
IAH-XNA,1054,7.340607210626186,0.18785578747628084,438.0
LAX-BWI,1102,-0.08166969147005444,0.18784029038112524,2329.0
JFK-CHS,1177,2.457094307561597,0.18776550552251486,636.0
LAS-MDW,2664,3.4714714714714714,0.18768768768768768,1521.0
ORD-IND,2873,4.45109641489732,0.18760877131917855,177.0
IAH-BHM,1562,6.606274007682458,0.18758002560819462,562.0
ATL-DEN,4949,3.24873711860982,0.1875126288139018,1199.0
PHX-SAN,5061,5.336692353289863,0.18751234933807548,304.0
PHF-ATL,1227,8.905460472697637,0.18744906275468623,508.0
ORD-FNT,1766,3.1347678369195924,0.18742921857304642,223.0
LGA-DFW,4333,-0.702515578121394,0.18739903069466882,1389.0
LIT-IAH,1751,7.611650485436893,0.18732153055396916,374.0
DFW-ABQ,1753,4.322875071306332,0.18710781517398745,569.0
MCO-MIA,3009,8.756729810568295,0.1871053506148222,192.0
DEN-PHL,2097,3.101096804959466,0.18693371483071053,1558.0
SFO-SEA,6876,5.891070389761489,0.18688190808609656,679.0
DCA-IAH,1991,3.029633350075339,0.1868407835258664,1208.0
JNU-SEA,1211,6.45251857968621,0.18662262592898432,909.0
LGA-DAL,2465,-2.5261663286004055,0.18661257606490872,1381.0
BOS-RDU,1501,4.017321785476349,0.18654230512991338,612.0
DAL-LBB,1523,6.548916611950099,0.18647406434668418,293.0
ATL-IAH,3770,3.926525198938992,0.18647214854111405,689.0
BWI-CLT,3320,5.589759036144578,0.18644578313253013,361.0
MSP-LAX,3075,1.3700813008130082,0.18634146341463415,1535.0
SLC-JFK,1820,3.978021978021978,0.18626373626373627,1990.0
DTW-MCI,1412,3.571529745042493,0.18626062322946177,629.0
SFO-ONT,2121,5.6138613861386135,0.18623290900518624,363.0
MSY-DEN,1574,5.209656925031767,0.18614993646759848,1062.0
LGA-CLT,3559,3.223939308794605,0.18600730542287158,544.0
DFW-SAT,4587,4.493568781338565,0.18596032265097012,247.0
SEA-OGG,1232,3.2849025974025974,0.1858766233766234,2640.0
SMF-ONT,2029,7.236076885165106,0.1858058156727452,390.0
DCA-DFW,3084,3.544747081712062,0.1857976653696498,1192.0
LAX-SLC,5513,5.855795392708145,0.185561400326501,590.0
GRR-ORD,2690,5.778438661710037,0.18550185873605948,137.0
SLC-DEN,6119,4.332570681483903,0.18548782480797515,391.0
LAS-HOU,1386,5.0562770562770565,0.18542568542568544,1235.0
DFW-RDU,1575,3.7288888888888887,0.1853968253968254,1061.0
ORD-LEX,1916,4.58089770354906,0.18528183716075156,323.0
DFW-COS,1053,3.7540360873694207,0.18518518518518517,592.0
SEA-PDX,1837,5.750136091453457,0.18508437670114317,129.0
CLT-DFW,3957,4.304270912307303,0.18498862774829417,936.0
FWA-ORD,2144,6.8773320895522385,0.18470149253731344,157.0
DFW-SPS,1170,4.947863247863248,0.18461538461538463,113.0
FLL-PHL,1880,4.652127659574468,0.18457446808510639,992.0
DAL-PHX,1452,5.384297520661157,0.18457300275482094,879.0
ATL-CRW,1290,6.927131782945737,0.18449612403100776,363.0
SJC-LAS,2781,6.746134483998562,0.18446601941747573,386.0
PHX-MKE,1399,2.2058613295210865,0.18441744102930666,1460.0
PHX-PHL,2419,2.7267465894997933,0.1843737081438611,2075.0
LAS-PHL,2111,2.978209379441023,0.1842728564661298,2176.0
ROC-ORD,1612,3.7351116625310175,0.18424317617866004,528.0
PHX-MCI,1819,6.027487630566245,0.18416712479384276,1044.0
DEN-ATL,5039,3.605278825163723,0.1841635245088311,1199.0
LAS-PHX,5421,6.7411916620549714,0.18409887474635675,255.0
IAH-CLT,3413,5.752710225607969,0.1840023439789042,912.0
ROA-ATL,1462,7.1846785225718195,0.18399452804377564,357.0
DFW-TUS,2142,4.338468720821662,0.1839402427637722,813.0
PHX-BWI,1588,2.5743073047858944,0.18387909319899245,1999.0
PHL-MSP,2339,3.513039760581445,0.1838392475416845,980.0
MDW-MCO,2522,2.7708168120539254,0.18358445678033306,990.0
DEN-BNA,2044,6.144324853228963,0.1834637964774951,1014.0
STL-MSP,2243,6.111012037449844,0.18323673651359787,448.0
LAS-RNO,3193,4.744440964610084,0.18321327904791732,345.0
FAR-MSP,1709,2.6992393212404915,0.1831480397893505,223.0
ONT-LAS,1366,6.099560761346998,0.18301610541727673,197.0
ORD-FWA,2148,3.319366852886406,0.1829608938547486,157.0
HOU-MDW,2034,4.599803343166175,0.18289085545722714,937.0
EWR-CHS,1203,3.1280133000831256,0.1828761429758936,628.0
DFW-MCI,2505,5.473053892215569,0.18283433133732535,460.0
BNA-HOU,1198,4.131051752921536,0.18280467445742904,670.0
STL-DEN,1849,4.238507301243915,0.1828015143320714,770.0
LAS-IAD,1160,3.0267241379310343,0.18275862068965518,2065.0
IAH-CLE,1155,5.486580086580086,0.18268398268398267,1091.0
PHL-MDW,1812,4.256622516556291,0.18267108167770418,668.0
DTW-ELM,1413,6.6369426751592355,0.18259023354564755,332.0
SJT-DFW,1550,4.9,0.18258064516129033,229.0
MSP-DEN,5469,2.545072225269702,0.18248308648747485,680.0
MCI-DFW,2499,9.040816326530612,0.18247298919567828,460.0
MCO-LAX,2402,4.300166527893422,0.1823480432972523,2218.0
SFO-BOS,3828,2.8098223615464994,0.18234064785788923,2704.0
OKC-DEN,1717,5.089108910891089,0.1822947000582411,495.0
AUS-SFO,2036,6.579076620825147,0.18222003929273084,1504.0
CLT-MSY,1510,3.870860927152318,0.18211920529801323,651.0
CMI-ORD,1675,4.2,0.18208955223880596,135.0
PIT-BOS,1137,2.786279683377309,0.1820580474934037,496.0
BOS-MDW,1346,4.00445765230312,0.18202080237741455,861.0
PHX-SMF,3150,4.7838095238095235,0.1819047619047619,647.0
CLT-MCI,1237,4.187550525464834,0.18189167340339532,808.0
DEN-PDX,3420,3.991812865497076,0.18187134502923977,991.0
MDW-DAL,1941,0.39206594538897477,0.1818650180319423,793.0
DCA-BOS,7414,4.975721607769086,0.18181818181818182,399.0
ORD-ROC,1601,2.2866958151155528,0.18176139912554654,528.0
DFW-ABI,2224,4.081384892086331,0.18165467625899281,158.0
COS-DEN,2037,8.400098183603339,0.18163966617574864,73.0
CLE-DFW,1525,4.897704918032787,0.18163934426229508,1021.0
CLT-PBI,1608,3.6343283582089554,0.18159203980099503,590.0
MCO-ISP,1041,7.111431316042267,0.18155619596541786,971.0
IAH-SLC,2016,3.7232142857142856,0.18154761904761904,1195.0
SFO-SBA,2034,4.502458210422812,0.18141592920353983,262.0
ATL-FWA,1053,9.63627730294397,0.18138651471984804,508.0
DEN-RNO,1362,4.176945668135096,0.18135095447870778,804.0
DTW-GRR,1335,6.4104868913857675,0.18127340823970037,120.0
SDF-BWI,1109,4.966636609558161,0.1812443642921551,495.0
ATL-SBN,1104,10.332427536231885,0.18115942028985507,566.0
JAC-DEN,1060,2.980188679245283,0.1811320754716981,406.0
EWR-CVG,1430,1.6685314685314685,0.1811188811188811,569.0
ORD-RST,1259,2.5536139793486896,0.18109610802223988,268.0
OAK-PHX,2507,6.506581571599521,0.1810929397686478,646.0
PHX-EWR,2072,1.111003861003861,0.18098455598455598,2133.0
DEN-SJC,2100,4.761904761904762,0.18095238095238095,948.0
SFO-SAN,6750,5.900888888888889,0.18074074074074073,447.0
DCA-TPA,2651,3.07167106752169,0.1806865333836288,814.0
ORD-CAK,1201,5.983347210657785,0.1806827643630308,343.0
MDW-BNA,2017,5.405552801189886,0.180466038671294,395.0
CLE-ORD,3969,4.4119425547996975,0.18039808515998992,315.1816578483245
SAN-PHX,5069,6.187216413493786,0.18031169855987375,304.0
EWR-MSP,1248,2.6514423076923075,0.18028846153846154,1008.0
IAH-MCI,1604,7.034912718204489,0.18017456359102244,643.0
RDU-MIA,1005,4.08457711442786,0.18009950248756218,700.0
HOU-ATL,4016,6.513695219123506,0.18002988047808766,696.0
LAS-BUR,3057,5.781157998037291,0.1799149492966961,223.0
MSN-ORD,2997,4.828828828828829,0.1798465131798465,108.0
MSP-MDW,2942,4.508157715839565,0.17980965329707682,349.0
IND-DEN,1832,3.8487991266375547,0.17958515283842794,977.0
SFO-EWR,4937,3.204577678752279,0.17946121126189993,2565.0
CID-ORD,2558,6.183737294761532,0.17943706020328382,196.0
TPA-MIA,1984,7.381048387096774,0.17943548387096775,204.0
PDX-OAK,1789,5.755729457797652,0.17942984907769705,543.0
PDX-SFO,4148,3.3177434908389585,0.17936354869816779,550.0
ORD-TVC,1701,2.8930041152263373,0.17930629041740154,224.0
STL-BWI,1166,3.7564322469982847,0.1792452830188679,738.0
KTN-SEA,1300,4.447692307692308,0.17923076923076922,680.0
14771-12892,1356,3.188053097345133,0.17920353982300885,337.0
ATL-AGS,2345,6.376545842217484,0.1791044776119403,143.0
ORD-EVV,1653,-0.07622504537205081,0.17906836055656383,272.18209316394433
CLT-FLL,2419,4.186440677966102,0.17899958660603554,631.7139313766019
LAX-MCO,2393,3.9845382365231927,0.1788549937317175,2218.0
DFW-OMA,1326,3.594268476621418,0.17873303167420815,583.0
JNU-ANC,1019,7.32090284592738,0.1786064769381747,571.0
ONT-SMF,2006,6.749252243270189,0.17846460618145563,390.0
MSP-FSD,1261,7.030927835051546,0.17842981760507534,196.0
SMF-PDX,1575,4.533333333333333,0.1784126984126984,479.0
ORF-BWI,1121,3.4014272970561996,0.1784121320249777,159.0
RSW-EWR,1346,1.285289747399703,0.17830609212481427,1068.0
ORD-ATW,1363,4.716801173881144,0.17828319882611884,160.0
STL-DTW,1313,3.4303122619954305,0.1782178217821782,440.0
BOS-CLT,3508,3.331527936145952,0.1781641961231471,728.0
ORD-GRB,2633,3.8294720850740602,0.17812381314090392,173.0
MCO-DFW,3741,6.104250200481155,0.17802726543704891,985.0
PHL-DTW,1979,5.374936836786255,0.17786760990399192,453.0
MCO-STL,1518,4.316864295125165,0.17786561264822134,882.0
PHX-BOI,1086,2.8296500920810312,0.17771639042357273,735.0
HNL-PHX,1120,0.6294642857142857,0.17767857142857144,2917.0
LAX-EWR,4531,1.9534319134848819,0.17766497461928935,2454.0
SFO-BUR,1543,5.940375891121192,0.17757615035644847,326.0
MCO-DCA,3297,5.883227176220807,0.17743403093721566,759.0
IAH-SNA,1488,2.8420698924731185,0.1774193548387097,1346.0
EWR-DFW,2509,0.9641291351135911,0.17736149860502193,1372.0
SEA-LAX,7742,3.7443812968225263,0.17734435546370447,954.0
MDT-ORD,1534,4.0267275097783575,0.1773142112125163,594.0
PHX-ABQ,2431,5.4648292883587,0.17729329494035376,328.0
IAH-MAF,2010,4.454228855721393,0.1771144278606965,429.0
SAT-HOU,1272,4.943396226415095,0.17688679245283018,192.0
CLT-MSP,2120,1.9990566037735849,0.17688679245283018,930.0
EWR-IND,1159,2.8481449525452978,0.17687661777394306,645.0
SDF-MDW,1131,5.4429708222811675,0.1768346595932803,271.0
CLT-RDU,2105,5.170071258907363,0.17672209026128266,130.0
MCO-IND,1274,5.957613814756672,0.17660910518053374,829.0
BNA-IAH,1280,4.6890625,0.1765625,657.0
BWI-MIA,1083,4.3000923361034165,0.17636195752539244,946.0
PHL-CLT,3057,2.877003598298986,0.17631665031076219,449.0
DTW-RSW,1606,2.1731008717310085,0.17621419676214198,1084.0
DTW-LAS,2917,1.0205690778196777,0.17620843332190606,1749.0
CLT-TPA,2839,5.0616414230362805,0.17611835153222966,507.0
JFK-LAX,11853,-2.671559942630558,0.17598920104614865,2475.0
FLL-TPA,1915,4.536292428198434,0.17597911227154048,197.0
AUS-LAX,2564,3.765990639625585,0.17589703588143527,1242.0
FWA-ATL,1086,8.756906077348066,0.17587476979742173,508.0
ORD-PIA,2071,2.5915016900048284,0.17576050217286335,130.0
LAS-MKE,1087,4.448022079116836,0.17571297148114076,1524.0
ATL-SGF,1275,7.036862745098039,0.17568627450980392,563.0
SAN-SMF,2778,4.322534197264219,0.17566594672426206,480.0
DFW-DCA,3092,2.5022639068564034,0.175614489003881,1192.0
PWM-JFK,1139,3.2844600526777876,0.17559262510974538,273.0
RST-ORD,1253,2.2729449321628095,0.17557861133280128,268.0
HOU-STL,1202,6.381863560732113,0.17554076539101499,687.0
MDW-RDU,1037,5.51205400192864,0.1755062680810029,632.0
IAH-SHV,1436,4.3335654596100275,0.17548746518105848,192.0
SFO-PHX,4816,4.221137873754153,0.17545681063122923,651.0
DCA-MCO,3306,2.2459165154264973,0.17543859649122806,759.0
MBS-ORD,1135,3.6889867841409694,0.17533039647577092,222.0
AUS-IAH,2044,8.83610567514677,0.175146771037182,140.0
LAX-PHL,1862,-2.534908700322234,0.17508055853920515,2402.0
CMH-BWI,1394,5.5028694404591105,0.1750358680057389,337.0
CLE-DEN,1229,8.254678600488202,0.17493897477624085,1201.0
ATL-CHA,2717,5.779904306220096,0.17482517482517482,106.0
HOU-DCA,1213,4.536685902720528,0.17477328936521022,1218.0
DTW-LAX,1997,0.8252378567851778,0.17476214321482222,1979.0
GRB-ORD,2628,5.445966514459665,0.17465753424657535,173.0
FLL-SFO,1231,-0.9406986190089358,0.17465475223395613,2583.684809098294
DFW-ATL,6951,6.159113796576032,0.17465112933390878,731.0
MDW-DCA,2720,2.3275735294117648,0.17463235294117646,601.0
OAJ-ATL,1118,9.367620751341681,0.1744186046511628,399.0
IAH-OMA,1187,4.43133951137321,0.17438921651221567,781.0
MSP-BNA,1067,3.1162136832239926,0.17432052483598875,695.0
LAX-JFK,11851,0.613872247067758,0.17416251793097628,2475.0
DFW-SJC,1483,1.7545515846257587,0.17397167902899527,1438.0
RSW-DFW,1133,6.370697263901147,0.17387466902030008,1017.0
BOS-PHL,5139,2.6758124148667055,0.17376921580073945,280.0
BOS-BWI,4305,4.322415795586528,0.1737514518002323,369.0
DEN-OAK,1227,3.0839445802770986,0.17359413202933985,957.0
AUS-ORD,2213,5.0881156800723,0.1735201084500678,977.8251242657027
CLT-JAX,2076,4.855009633911368,0.17341040462427745,328.0
ATL-LAX,5636,0.484208658623137,0.1733498935415188,1947.0
IAH-ICT,1033,4.583736689254598,0.1732817037754114,542.0
DFW-SJT,1553,3.4449452672247265,0.17321313586606568,229.0
PHX-LAS,5450,5.340183486238532,0.17321100917431193,255.0
ATL-LAS,4074,1.5252822778595974,0.17304860088365243,1747.0
ONT-PHX,2953,5.944124619031493,0.17304436166610226,325.0
BRO-DFW,1000,5.851,0.173,482.0
MSP-LAS,2532,0.6540284360189573,0.17298578199052134,1299.0
BWI-PHX,1585,2.4574132492113563,0.17287066246056781,1999.0
TPA-MDW,1429,4.769769069279216,0.1728481455563331,997.0
DTW-DCA,1684,4.042755344418052,0.17280285035629453,405.0
SFO-JFK,8306,2.1414640019263183,0.17264627979773658,2586.0
RIC-BOS,2225,4.944269662921348,0.17258426966292134,474.0
DAL-MSY,2372,6.37141652613828,0.1724283305227656,436.0
ATL-SHV,2001,3.6371814092953523,0.1724137931034483,551.0
ATL-ROA,1456,5.740384615384615,0.1723901098901099,357.0
PHX-SJC,3088,4.516515544041451,0.172279792746114,621.0
BIS-MSP,1487,5.724949562878279,0.17215870880968392,386.0
DFW-BNA,2672,3.2967814371257487,0.1721556886227545,631.0
SAN-JFK,1680,1.9577380952380952,0.17202380952380952,2446.0
LAX-DFW,6535,5.273756694720735,0.17199693955623566,1235.0
DTW-DEN,2669,1.52304233795429,0.17197452229299362,1123.0
ISN-DEN,1134,5.477072310405644,0.17195767195767195,576.0
ISP-BWI,1489,4.554063129617193,0.17192746809939558,220.0
MLI-ORD,1524,4.6227034120734904,0.17191601049868765,139.0
BWI-ATL,5748,4.81419624217119,0.17188587334725122,577.0
DCA-FLL,2444,1.9046644844517184,0.1718494271685761,899.0
SPS-DFW,1170,6.418803418803419,0.1717948717948718,113.0
BUF-JFK,2394,1.9181286549707601,0.17167919799498746,301.0
SLC-MCO,1236,0.43851132686084143,0.1715210355987055,1931.0
LAX-SBA,1429,3.72148355493352,0.17144856543037088,89.0
DFW-PHX,4080,4.347058823529411,0.1713235294117647,868.0
MAF-DAL,1483,7.106540795684423,0.1712744436952124,319.0
SEA-SMF,3429,5.320501603966171,0.17118693496646253,605.0
RDU-BWI,1907,4.883586785527005,0.1709491347666492,255.0
BOS-DCA,7413,2.9527856468366385,0.1707810602994739,399.0
DTW-SFO,1306,0.032924961715160794,0.17075038284839203,2079.0
CLT-BDL,1599,5.047529706066292,0.17073170731707318,644.0
MKE-MSP,2228,3.5493716337522443,0.17055655296229802,297.0
AUS-DAL,3813,7.217151848937844,0.17046944662995017,189.0
PHX-DFW,4072,5.556728880157171,0.17043222003929273,868.0
IAH-CRP,2081,5.444497837578087,0.17011052378664104,201.0
ATL-TPA,7033,5.40921370681075,0.17005545286506468,406.0
LFT-IAH,2123,6.25341497880358,0.1700423928403203,201.0
SEA-DEN,5060,5.047233201581028,0.16996047430830039,1024.0
DFW-CMH,1477,1.4820582261340556,0.16993906567366282,926.0
LAW-DFW,1236,7.240291262135922,0.16990291262135923,140.0
BNA-MCI,1066,4.544090056285178,0.1697936210131332,491.0
FNT-ORD,1773,2.0129723632261705,0.1697687535250987,223.0
FSM-DFW,1243,4.699115044247788,0.16975060337892195,227.0
LAX-OGG,2693,5.689194207203862,0.16969922020051986,2486.0
TPA-BWI,2145,3.742191142191142,0.1696969696969697,842.0
ATL-DCA,6347,3.979202772963605,0.1696864660469513,547.0
SHV-IAH,1444,6.127423822714682,0.16966759002770082,192.0
MSY-MCO,1132,5.959363957597173,0.1696113074204947,551.0
PHX-MDW,2211,2.4337403889642695,0.16960651289009498,1444.0
SBN-ATL,1115,8.144394618834081,0.16950672645739912,566.0
MIA-ATL,5110,3.969471624266145,0.16947162426614482,594.0
DFW-SEA,3497,1.0546182442093224,0.16928796110952246,1660.0
EWR-SEA,1471,-2.6138681169272604,0.16927260367097213,2402.0
SEA-ANC,6357,1.9235488437942425,0.16926223061192386,1448.0
DFW-CLL,1519,2.3423304805793284,0.16919025674786042,164.0
BOS-DFW,2979,-0.7690500167841557,0.1691842900302115,1562.0
DTW-TPA,2123,3.5440414507772022,0.16910032972209138,983.0
ISP-MCO,1029,2.2147716229348884,0.16909620991253643,971.0
IAD-ATL,2614,3.554705432287682,0.16908951798010713,534.0
IAH-LIT,1745,4.557593123209169,0.16905444126074498,374.0
ACT-DFW,1538,4.658647594278284,0.16905071521456436,89.0
DTW-ATL,4823,2.5355587808417996,0.16898196143479163,594.0
LNK-ORD,1114,5.8958707360861755,0.1687612208258528,466.0
ATL-MCO,8148,5.494477172312224,0.16875306823760433,404.0
MDW-RSW,1157,2.5868625756266206,0.16853932584269662,1105.0
SAN-DEN,4148,2.0241080038572807,0.16851494696239153,853.0
LAS-DFW,4196,5.5722116301239275,0.1684938036224976,1055.0
CLT-ATL,6270,3.34896331738437,0.16842105263157894,226.0
PHX-BUR,1872,5.267094017094017,0.16826923076923078,369.0
MKE-DEN,1991,1.3626318432948268,0.16825715720743345,896.0
TVC-ORD,1694,2.6989374262101533,0.1682408500590319,224.0
PHX-PDX,3092,2.3958602846054333,0.16817593790426907,1009.0
ELM-DTW,1411,4.134656272147414,0.16796598157335224,332.0
DTW-MCO,2622,3.0034324942791764,0.16781083142639205,957.0
LAX-MSP,3075,2.4676422764227643,0.1678048780487805,1535.0
SEA-DFW,3480,4.5824712643678165,0.1675287356321839,1660.0
LAX-KOA,1379,2.725163161711385,0.16751269035532995,2504.0
MCO-SLC,1236,0.988673139158576,0.16747572815533981,1931.0
SEA-KTN,1308,5.3172782874617734,0.16743119266055045,680.0
SFO-SBP,1016,4.216535433070866,0.1673228346456693,190.0
STL-MDW,2062,5.576624636275461,0.16731328806983511,251.0
ONT-SJC,1315,5.3406844106463875,0.16730038022813687,333.0
JAN-IAH,1896,3.6255274261603376,0.16719409282700423,351.0
EWR-MSY,1066,0.3123827392120075,0.1669793621013133,1167.0
FLL-MDW,1126,-0.4511545293072824,0.1669626998223801,1166.6882770870338
DEN-CLT,1884,2.097664543524416,0.16666666666666666,1337.0
LSE-ORD,1098,2.422586520947177,0.16666666666666666,215.0
MCO-MDW,2510,3.8091633466135457,0.16653386454183267,990.0
EWR-DTW,2073,4.021707670043416,0.16642547033285093,488.0
MSP-OMA,1280,4.17890625,0.16640625,282.0
GRK-DFW,2500,4.372,0.1664,134.0
PHX-STL,2111,1.715774514448129,0.1662719090478446,1262.0
FAR-DEN,1203,3.5286783042394014,0.1662510390689942,627.0
MCO-DTW,2623,4.773541746092261,0.16622188333968738,957.0
SFO-PDX,4165,4.837214885954381,0.16614645858343338,550.0
ATL-DTW,4835,4.080248190279214,0.16608066184074458,594.0
MCO-CMH,1042,4.382917466410748,0.16602687140115163,802.0
PVD-MCO,1971,0.8670725520040589,0.1659056316590563,1072.0
LAX-MSY,1845,2.6986449864498643,0.16585365853658537,1670.0
DFW-PIT,1400,1.4678571428571427,0.1657142857142857,1067.0
OKC-DFW,2620,5.042748091603054,0.16564885496183207,175.0
ATL-BOS,4602,2.2540199913081267,0.16558018252933507,946.0
LAS-STL,1420,3.398591549295775,0.16549295774647887,1371.0
ABQ-LAS,1257,4.03739061256961,0.1654733492442323,486.0
SFO-SNA,4207,3.9391490373187543,0.16543855478963632,372.0
FLL-BWI,3894,1.776322547508988,0.16538263995891114,925.0
CMH-MDW,1790,4.759776536312849,0.1653631284916201,283.0
SMF-SAN,2771,6.114760014435222,0.16528329123060267,480.0
SBN-DTW,1283,5.992985190958691,0.1652377240841777,157.0
ATL-AUS,3135,3.189792663476874,0.16523125996810206,813.0
DEN-FLL,1205,2.520331950207469,0.16514522821576763,1703.0
BWI-DTW,2392,5.531354515050167,0.16513377926421405,409.0
CSG-ATL,1060,4.381132075471698,0.1650943396226415,83.0
DFW-SLC,2939,3.72099353521606,0.16502211636611092,989.0
XNA-IAH,1049,7.447092469018113,0.16491897044804577,438.0
OAK-BUR,3622,5.826891220320265,0.16482606294864716,325.0
DAL-LAS,1420,2.362676056338028,0.1647887323943662,1067.0
SJU-JFK,4389,2.6794258373205744,0.16473000683527,1598.0
CWA-ORD,1336,4.391467065868263,0.16467065868263472,212.188622754491
SMF-LAS,2496,5.33613782051282,0.16466346153846154,397.0
LAS-SNA,2399,3.9266360983743227,0.16465193830762817,226.0
PDX-SMF,1592,6.003140703517588,0.16457286432160803,479.0
ONT-DEN,1156,3.2551903114186853,0.1643598615916955,819.0
RDU-DFW,1558,3.1951219512195124,0.1643132220795892,1061.0
PHX-CLT,2794,2.524337866857552,0.1642806012884753,1773.0
TPA-DFW,2448,4.871732026143791,0.1642156862745098,929.0
FLL-DEN,1200,-0.9591666666666666,0.16416666666666666,1703.0
XNA-ATL,1555,5.422508038585209,0.1639871382636656,589.0
OKC-HOU,1208,5.28476821192053,0.16390728476821192,419.0
STL-MCO,1514,3.0092470277410834,0.16380449141347425,882.0
SJU-FLL,2769,2.4871794871794872,0.1635969664138678,1046.0
ORD-AZO,1247,0.6206896551724138,0.1635926222935044,122.0
LAX-SBP,1341,3.592841163310962,0.16331096196868009,156.0
TPA-FLL,1887,4.568627450980392,0.16322204557498676,197.0
SMF-DFW,1293,9.419180201082753,0.16318638824439288,1431.0
SEA-GEG,3156,5.390050697084917,0.16318124207858048,224.0
LAS-SLC,3734,5.205677557579004,0.16309587573647563,368.0
CLE-BWI,1159,1.6755823986194995,0.1630716134598792,314.0
CLT-PIT,2447,4.868818961994279,0.16305680425010216,366.0
ATL-LFT,1184,4.5261824324324325,0.16300675675675674,503.0
BDL-MCO,1633,1.2669932639314145,0.16289038579301898,1050.0
ORD-SJU,1013,2.7818361303060217,0.16288252714708787,2072.0
IAH-GPT,1228,5.346905537459284,0.16286644951140064,376.0
GRB-MSP,1050,3.473333333333333,0.16285714285714287,252.0
MDW-ATL,4440,2.520045045045045,0.16283783783783784,591.0
RNO-LAS,3190,4.37460815047022,0.16269592476489028,345.0
DTW-FLL,2616,1.695336391437309,0.16246177370030582,1127.0
ATL-FLL,7388,3.9860584731997832,0.16242555495397942,581.0
MSP-PHL,2342,0.9901793339026473,0.16225448334756618,980.0
DCA-CLT,2453,3.6620464737056664,0.1622503057480636,331.0
DEN-CLE,1357,0.9329403095062638,0.16212232866617537,1201.0
RSW-BWI,1192,4.249161073825503,0.16191275167785235,919.0
DFW-STL,2480,2.4935483870967743,0.16169354838709676,550.0
IAD-SEA,1064,-2.0648496240601504,0.16165413533834586,2306.0
TUS-DEN,1856,1.3917025862068966,0.16163793103448276,639.0
ATL-IND,3794,3.9385872430152875,0.16157090142329994,432.0
ATL-CAE,2675,5.503177570093458,0.16149532710280373,192.0
ATL-XNA,1555,4.030868167202573,0.16141479099678457,589.0
PHX-RNO,1710,2.988888888888889,0.16140350877192983,601.0
LAX-ATL,5614,1.8129675810473815,0.16138225863911648,1947.0
AUS-PHX,1570,2.9961783439490444,0.16114649681528662,872.0
DTW-MSP,2641,3.8776978417266186,0.16092389246497538,528.0
IAH-LFT,2104,4.649239543726236,0.16064638783269963,201.0
LAS-PDX,2571,2.253986775573707,0.16063788409179308,763.0
MSP-STL,2261,3.6218487394957983,0.16054842989827509,448.0
DEN-SNA,3315,1.7058823529411764,0.16048265460030167,846.0
DCA-DTW,1695,4.858997050147493,0.16047197640117994,405.0
OAK-LAS,3459,4.976293726510552,0.16045099739809193,407.0
LAX-BOS,3995,-1.486357947434293,0.160450563204005,2611.0
SEA-EWR,1496,-0.06016042780748663,0.16042780748663102,2402.0
DCA-MDW,2714,1.3165070007369197,0.16028002947678702,601.0
AZO-ORD,1248,0.2387820512820513,0.16025641025641027,122.0
AUS-LAS,1180,0.7347457627118644,0.16016949152542373,1090.0
PHX-IAH,3248,3.2235221674876846,0.16009852216748768,1009.0
SAN-ORD,2630,-0.3365019011406844,0.16007604562737643,1723.0
SLC-DFW,2925,3.9367521367521365,0.16,989.0
ELP-PHX,1445,6.091349480968858,0.15986159169550174,347.0
PDX-ORD,2128,3.414003759398496,0.15977443609022557,1739.0
IAD-SFO,3580,-0.15893854748603353,0.15949720670391063,2419.0
BUR-DEN,1223,3.9035159443990186,0.15944399018806213,850.0
BOS-PIT,1136,1.159330985915493,0.15933098591549297,496.0
SEA-JNU,1306,3.9295558958652372,0.15926493108728942,909.0
PHX-PSP,1702,6.221504112808461,0.1592244418331375,261.0
SNA-SMF,2118,4.000944287063267,0.1591123701605288,404.0
IAH-LBB,1031,3.0164888457807955,0.15906886517943744,458.0
BIS-DEN,1258,3.9841017488076313,0.1589825119236884,516.0
BOS-ATL,4581,1.4400785854616895,0.1589172669722768,946.0
BOS-DTW,3364,3.436087990487515,0.15873959571938168,632.0
DFW-CLT,3955,3.5731984829329964,0.15853350189633375,936.0
ATL-FAY,1617,5.405071119356833,0.1583178726035869,331.0
ATL-BWI,5756,2.684155663655316,0.1582696316886727,577.0
FAY-ATL,1612,6.367866004962779,0.15818858560794044,331.0
BUF-BWI,1765,3.0056657223796033,0.15807365439093485,281.0
MSP-BWI,1025,2.450731707317073,0.15804878048780488,936.0
IAH-PNS,1386,4.973304473304474,0.15800865800865802,489.0
ATL-IAD,2602,3.2671022290545735,0.1579554189085319,534.0
MCO-BNA,1389,4.652987760979122,0.15766738660907129,616.0
MCI-MSP,1897,3.2034791776489193,0.15761729045861886,393.0
DAL-ATL,2831,2.2769339456022606,0.157541504768633,721.0
PVD-CLT,1022,0.4090019569471624,0.15753424657534246,683.0
MCI-LAS,1600,0.59625,0.1575,1139.0
IAH-BTR,2268,3.9149029982363315,0.1574074074074074,253.0
MCO-MSY,1144,2.109265734265734,0.15734265734265734,551.0
IAH-MOB,1481,5.169480081026333,0.1573261309925726,427.0
SFO-PHL,2060,-1.7233009708737863,0.15728155339805824,2521.0
SNA-LAS,2393,4.060175511909737,0.15712494776431257,226.0
HOU-DEN,1753,1.7164860239589275,0.15687393040501996,883.0
SEA-BOI,1020,3.0470588235294116,0.1568627450980392,399.0
SJC-PHX,3093,4.405754930488199,0.15680569026834787,621.0
DFW-SNA,2807,1.7983612397577484,0.1567509796936231,1205.0
BNA-DEN,1965,1.500763358778626,0.15674300254452928,1014.0
MSY-DFW,2565,3.7840155945419105,0.1567251461988304,447.0
SJU-MIA,2420,3.5037190082644627,0.15661157024793387,1045.0
BIL-DEN,1093,0.3220494053064959,0.1564501372369625,455.0
ELP-DFW,1330,4.886466165413534,0.15639097744360902,551.0
MSP-DTW,2642,4.134367903103709,0.1563209689629069,528.0
ATL-DFW,6941,2.814580031695721,0.1563175334966143,731.0
AMA-DAL,1191,5.877413937867338,0.1561712846347607,323.0
FLL-LAS,1031,-4.188166828322017,0.15615906886517944,2173.0
PDX-LAX,3273,2.863733577757409,0.1561258783990223,834.0
ATL-JAX,5085,4.0294985250737465,0.1559488692232055,270.0
SEA-ORD,3908,2.9150460593654044,0.1558341862845445,1721.0
TRI-ATL,1906,4.061909758656873,0.1558237145855194,227.0
EWR-ATL,4984,-0.7463884430176565,0.15569823434991975,746.0
SEA-MDW,1002,2.05688622754491,0.15568862275449102,1733.0
STL-DFW,2473,1.5903760614638092,0.1556813586736757,550.0
TPA-BNA,1195,4.165690376569038,0.15564853556485356,612.0
MKE-MCO,1241,0.6913779210314263,0.15551974214343273,1066.0
ATL-HOU,4006,0.718172740888667,0.15551672491263105,696.0
EWR-CLT,4013,1.9506603538499876,0.1554946424121605,529.0
DFW-PDX,1795,2.623398328690808,0.1554317548746518,1616.0
ATL-TLH,2091,3.3103778096604497,0.15542802486848398,223.0
OMA-DFW,1319,4.838514025777104,0.155420773313116,583.0
IND-MCO,1274,2.197802197802198,0.1554160125588697,829.0
DTW-BOS,3372,1.2366548042704626,0.1553973902728351,632.0
SHV-ATL,1995,6.866666666666666,0.15538847117794485,551.0
SAT-DAL,3016,5.551392572944297,0.15517241379310345,248.0
CMH-PHX,1045,-2.241148325358852,0.15502392344497606,1670.0
ATL-GSO,2654,4.624340617935192,0.15486058779201206,306.0
SNA-DEN,3300,2.34,0.15484848484848485,846.0
DTW-SBN,1288,5.758540372670807,0.1545031055900621,157.0
DTW-BDL,1340,3.1126865671641792,0.15447761194029852,549.0
BWI-MSP,1030,3.0912621359223302,0.15436893203883495,936.0
ABQ-DFW,1750,7.437714285714286,0.15428571428571428,569.0
CLE-BOS,1779,0.6301292861157954,0.15401911186059583,563.0
AUS-JFK,1553,4.3412749517063745,0.15389568576947843,1521.0
DCA-ATL,6336,2.7452651515151514,0.15388257575757575,547.0
CAK-ORD,1196,4.478260869565218,0.15384615384615385,343.0
LAS-SEA,5003,2.6987807315610635,0.15370777533479912,867.0
ATL-RIC,3536,2.146493212669683,0.1535633484162896,481.0
RSW-DTW,1609,3.1547545059042883,0.15351149782473586,1084.0
ATL-MDW,4445,2.3835770528683913,0.1534308211473566,591.0
MSP-BOS,1793,-1.5878416062465142,0.15337423312883436,1124.0
ABI-DFW,2231,3.2720753025549083,0.15329448677722995,158.0
PNS-IAH,1384,4.0,0.1531791907514451,489.0
LAX-LIH,1293,1.8909512761020881,0.1531322505800464,2615.0
OGG-LAX,2682,1.09358687546607,0.1528709917971663,2486.0
LRD-DFW,1230,4.228455284552846,0.15284552845528454,396.0
PHX-OMA,1257,1.3786793953858394,0.15274463007159905,1037.0
MCI-PHX,1816,1.651431718061674,0.15253303964757708,1044.0
MIA-DTW,1194,1.3986599664991626,0.152428810720268,1145.0
CHA-ATL,2684,4.429955290611028,0.15238450074515647,106.0
RSW-MDW,1149,3.0060922541340296,0.15230635335073978,1105.0
AVL-ATL,1828,4.200218818380744,0.15207877461706784,164.0
LEX-ORD,1921,1.5877147319104632,0.15200416449765747,323.0
BOS-MSP,1792,2.8978794642857144,0.15178571428571427,1124.0
PHX-SEA,5752,1.0382475660639778,0.15159944367176634,1107.0
MSY-IAH,2647,4.851907820173782,0.15149225538345296,305.0
IAH-TUL,1776,3.8862612612612613,0.15146396396396397,429.0
ROC-JFK,1070,-2.6598130841121495,0.15140186915887852,264.0
SMF-SEA,3416,4.02751756440281,0.15134660421545668,605.0
HOU-PHX,1381,2.731354091238233,0.15133960897900073,1020.0
SAT-DEN,1693,2.396337861783816,0.1512108682811577,794.0
ATL-AVL,1831,4.840524303659203,0.1507373020207537,164.0
SFO-IAD,3445,0.21480406386066764,0.1506531204644412,2419.0
OMA-MDW,1634,1.9969400244798041,0.15055079559363524,423.0
MSY-DAL,2379,3.3568726355611602,0.15048339638503572,436.0
SEA-SJC,4015,4.365379825653799,0.15043586550435867,697.0
LAX-SEA,7699,1.4947395765683855,0.15040914404468111,954.0
CLE-LAS,1371,0.40700218818380746,0.15025528811086797,1824.0
MSY-LAX,1844,-1.3747288503253796,0.1502169197396963,1670.0
COS-DFW,1052,3.835551330798479,0.15019011406844107,592.0
BUR-LAS,3023,4.105855110817069,0.15018193847171685,223.0
ATL-PBI,4182,2.9067431850789096,0.15016738402678145,545.0
SJC-BUR,2065,5.553995157384988,0.15012106537530268,296.0
LAX-IAD,3494,-1.8108185460789925,0.14997137950772754,2288.0
DTW-MIA,1194,1.6030150753768844,0.14991624790619765,1145.0
BNA-DFW,2662,4.005634861006762,0.14988730277986476,631.0
MSP-BIS,1489,2.745466756212223,0.14976494291470785,386.0
MIA-LAS,1390,-1.493525179856115,0.14964028776978416,2174.0
GEG-SEA,3155,6.014580031695721,0.14960380348652932,224.0
CLT-BNA,1277,3.7227877838684416,0.14956930305403288,328.0
CMH-MCO,1043,2.4400767018216682,0.14956855225311602,802.0
SEA-SAN,3177,2.3418319169027386,0.14951211835064526,1050.0
SAN-IAH,1679,4.553901131625968,0.14949374627754616,1303.0
JAX-DFW,1220,7.651639344262295,0.14918032786885246,918.0
IAH-JAN,1892,3.6559196617336154,0.14904862579281183,351.0
ATL-MYR,1410,4.841843971631206,0.14893617021276595,317.0
PVD-BWI,2451,1.6564667482660138,0.1489188086495308,327.0
PIT-MCO,1451,0.47966919365954513,0.14886285320468642,834.0
SMF-DEN,2359,1.8427299703264095,0.14879186095803307,909.0
MSP-MSN,1230,2.5853658536585367,0.14878048780487804,228.0
BOS-IAD,1983,2.513363590519415,0.1487644982349975,413.0
ATL-SFO,3113,-2.9100546097012527,0.1487311275297141,2139.0
PHX-FLG,1607,5.202862476664593,0.14872433105164903,119.0
GSO-ATL,2647,3.3641858707971286,0.14846996599924442,306.0
MCO-CLT,2937,4.39632277834525,0.14845080013619338,468.0
PDX-DEN,3390,3.2008849557522123,0.14837758112094396,991.0
BUF-BOS,1220,-0.8204918032786885,0.1483606557377049,395.0
STL-LAS,1419,-1.106412966878083,0.14799154334038056,1371.0
IAD-SAN,1122,-4.333333333333333,0.14795008912655971,2253.0
SJU-MCO,3536,0.5616515837104072,0.14790723981900453,1189.0
ATL-TYS,1699,2.2748675691583284,0.14773396115361978,152.0
ATL-GSP,2451,2.9628722970216237,0.14769481844145246,153.0
DCA-MSP,1646,1.1136087484811665,0.14763061968408261,931.0
RDU-CLT,2101,3.6158971918134224,0.1475487862922418,130.0
BUR-OAK,3627,4.229666390956713,0.14695340501792115,325.0
ATL-MLB,1327,2.7596081386586286,0.146948003014318,442.0
SEA-LAS,4990,3.8557114228456912,0.14689378757515031,867.0
TYS-ATL,1696,1.784198113207547,0.14681603773584906,152.0
MAF-IAH,2004,4.272954091816367,0.1467065868263473,429.0
ATL-MCI,3459,1.8534258456201214,0.14657415437987859,692.0
FLL-IAH,1836,-1.0059912854030502,0.14651416122004357,965.7140522875817
CMH-DFW,1462,0.9316005471956225,0.146374829001368,926.0
TUL-DFW,2560,3.16484375,0.14609375,237.0
SLC-LAS,3722,2.9846856528747985,0.14588930682428802,368.0
TUL-ATL,1508,3.4118037135278514,0.14588859416445624,674.0
SEA-IAH,2176,2.3892463235294117,0.14568014705882354,1874.0
DTW-SEA,1890,0.2222222222222222,0.1455026455026455,1927.0
FLG-PHX,1610,5.60807453416149,0.1453416149068323,119.0
BNA-DTW,2024,3.5029644268774702,0.14525691699604742,456.0
ELP-IAH,1564,4.046035805626598,0.14514066496163683,667.0
MCO-ATL,8144,1.4452357563850688,0.14489194499017682,404.0
KOA-LAX,1367,2.978054133138259,0.14484272128749084,2504.0
MSP-MCO,1583,2.9519898926089705,0.14466203411244472,1310.0
ATL-ILM,1598,3.954317897371715,0.14455569461827283,377.0
SLC-OAK,2103,0.5211602472658108,0.1445553970518307,588.0
CRP-IAH,2084,3.5738963531669867,0.1444337811900192,201.0
MFE-IAH,1891,4.023796932839767,0.14436805922792173,316.0
DTW-PHX,2699,-2.471285661356058,0.14412745461281956,1671.0
SAN-IAD,1140,-1.431578947368421,0.14385964912280702,2253.0
MSP-FAR,1710,2.6953216374269005,0.14385964912280702,223.0
ATL-TRI,1912,2.0706066945606696,0.14382845188284518,227.0
PHX-DTW,2709,-0.12809154669619785,0.1435954226651901,1671.0
FLL-DFW,2656,0.00941265060240964,0.1434487951807229,1119.0
SAT-IAH,2273,4.380554333479982,0.14342278926528818,191.0
ATL-ECP,2009,3.350920856147337,0.14335490293678446,240.0
ATL-RSW,3907,1.812388021499872,0.14307652930637318,515.0
ATL-MSP,4697,0.2765595060677028,0.14307004470938897,907.0
MSP-PHX,4038,-0.8588410104011887,0.14289252105002476,1276.0
MCO-PHX,1282,-1.265210608424337,0.14274570982839313,1849.0
SJC-DEN,2074,0.25265188042430087,0.14271938283510124,948.0
MOT-DEN,1002,3.2654690618762476,0.14271457085828343,604.0
BTR-IAH,2271,3.546895640686922,0.142668428005284,253.0
SMF-BUR,2055,4.744038929440389,0.14257907542579076,358.0
STL-LAX,1452,-2.383608815426997,0.14256198347107438,1592.0
PHX-MSP,4043,0.24091021518674252,0.14246846401187238,1276.0
LAS-EWR,1678,-2.693682955899881,0.14243146603098927,2227.0
MSY-ATL,5554,2.773856679870364,0.1424198775657184,425.0
IND-PHX,1292,-1.6145510835913313,0.14241486068111456,1488.0
ATL-HSV,2444,2.699263502454992,0.14238952536824878,151.0
PDX-DFW,1799,6.056142301278488,0.1423012784880489,1616.0
BDL-CLT,1596,-1.6196741854636592,0.14223057644110276,644.0
PHX-SNA,3820,2.8141361256544504,0.14214659685863873,338.0
PDX-SEA,1830,4.60655737704918,0.14207650273224043,129.0
TUL-IAH,1753,2.3645179691956644,0.14204221334854536,429.0
MAF-DEN,1049,1.6091515729265968,0.14204003813155386,563.0
ATL-SAT,2852,1.0189340813464236,0.14200561009817672,874.0
HNL-SEA,1734,-0.5859284890426759,0.14186851211072665,2677.0
HNL-SFO,2032,0.7135826771653543,0.14173228346456693,2398.0
OGG-SFO,1399,0.9185132237312366,0.14152966404574696,2338.0
ATL-CLT,6264,1.3039591315453385,0.14144316730523626,226.0
SJU-TPA,1083,1.7590027700831026,0.14127423822714683,1237.0
CLL-DFW,1515,3.335973597359736,0.14125412541254126,164.0
MYR-ATL,1409,2.716820440028389,0.14123491838183108,317.0
IAH-BRO,1261,1.8287073750991276,0.14115781126090404,308.0
OAK-SNA,2460,3.6414634146341465,0.1410569105691057,371.0
LAS-MSP,2528,1.5810917721518987,0.14082278481012658,1299.0
ILM-ATL,1592,4.601130653266332,0.1407035175879397,377.0
DTW-BWI,2389,1.370866471326915,0.1406446211804102,409.0
BOI-SEA,1031,6.027158098933075,0.14064015518913675,399.0
CLE-IAH,1138,-2.2706502636203867,0.140597539543058,1091.0
DTW-MSN,1417,2.365561044460127,0.14043754410726889,311.0
ATL-PNS,2251,2.1808085295424258,0.14038205242114615,271.0
SNA-OAK,2470,2.276518218623482,0.14008097165991903,371.0
ELP-DAL,1257,4.783611774065235,0.14001591089896578,562.0
TLH-ATL,2086,3.7972195589645255,0.13998082454458294,223.0
ATL-SJU,1416,3.251412429378531,0.13983050847457626,1547.0
SNA-SJC,2672,3.5228293413173652,0.13959580838323354,342.0
TPA-DCA,2644,2.1569591527987897,0.13956127080181543,814.0
AUS-DFW,4534,3.544552271724746,0.13939126599029555,190.0
BNA-CLT,1271,3.211644374508261,0.13926042486231313,328.0
BNA-ATL,3203,1.1589135185763346,0.1392444583203247,214.0
ATL-MIA,5112,2.026212832550861,0.13908450704225353,594.0
TPA-DEN,1569,-0.9891650732950924,0.13894200127469725,1506.0
SEA-PHX,5737,3.1263726686421474,0.13874847481261984,1107.0
ATL-CMH,3259,1.2641914697760048,0.1386928505676588,447.0
LAS-DTW,2922,1.67419575633128,0.13860369609856263,1749.0
MKE-DTW,1712,3.4830607476635516,0.13843457943925233,237.0
MCI-STL,1200,2.7016666666666667,0.13833333333333334,237.0
TPA-ATL,7020,2.328347578347578,0.13831908831908832,406.0
DCA-CLE,1353,1.1426459719142645,0.13821138211382114,310.0
MSN-MSP,1274,2.4207221350078494,0.13814756671899528,228.0
OMA-PHX,1240,0.3016129032258065,0.13790322580645162,1037.0
ATL-LEX,2250,2.8533333333333335,0.13777777777777778,304.0
ATL-MSY,5532,1.2568691250903832,0.13774403470715835,425.0
STL-PHX,2113,-1.1893043066729767,0.13771888310459063,1262.0
LEX-ATL,2251,2.0275433140826298,0.13771657041314972,304.0
MSY-HOU,2999,2.2617539179726576,0.13771257085695232,302.0
PHX-SLC,5456,1.8958944281524928,0.1376466275659824,507.0
DTW-CLT,3059,0.4995096436744034,0.13762667538411247,500.0
ATL-DAB,1484,1.90633423180593,0.13746630727762804,366.0
ATL-EYW,1412,6.043909348441926,0.13739376770538245,646.0
ATL-MEM,3089,1.076723858853998,0.1372612495953383,332.0
RDU-ATL,4672,2.4086044520547945,0.1372003424657534,356.0
MCI-DTW,1414,3.4674681753889676,0.1371994342291372,629.0
ONT-DFW,1401,2.780870806566738,0.13704496788008566,1188.0
JAX-BWI,1089,0.1285583103764922,0.13682277318640956,663.0
MAF-HOU,1090,3.971559633027523,0.13669724770642203,441.0
12892-12478,1091,-1.5600366636113656,0.13657195233730524,2475.0
PSP-PHX,1699,6.935256032960565,0.13655091230135374,261.0
SLC-SEA,3450,2.1623188405797102,0.13652173913043478,689.0
MSP-DCA,1641,-0.03412553321145643,0.1365021328458257,931.0
JAX-CLT,2074,1.588235294117647,0.1364513018322083,328.0
MCO-HOU,1408,-1.6200284090909092,0.13636363636363635,849.0
SNA-IAH,1438,1.588317107093185,0.13630041724617525,1346.0
PIT-DFW,1389,-1.8012958963282937,0.13606911447084233,1067.0
LBB-DAL,1529,5.33943754087639,0.13603662524525834,293.0
AUS-ATL,3140,4.4496815286624205,0.1359872611464968,813.0
MSP-MCI,1890,1.4878306878306877,0.13597883597883598,393.0
IND-DFW,1554,1.398970398970399,0.13577863577863578,761.0
TUS-IAH,1127,4.613132209405501,0.13575865128660158,936.0
ATL-STL,3511,1.501566505269154,0.13557391056679008,484.0
CLT-DTW,3069,0.013033561420658195,0.13554903877484523,500.0
MFE-DFW,1403,4.829650748396293,0.13542409123307197,469.0
CLE-MDW,1774,1.5428410372040586,0.13528748590755355,307.0
DTW-BNA,1974,0.2993920972644377,0.135258358662614,456.0
SLC-PHX,5449,2.2985868966782896,0.13525417507799598,507.0
MSP-SEA,2544,1.7806603773584906,0.13522012578616352,1399.0
SAN-MDW,1149,-2.3028720626631856,0.13489991296779807,1728.0
CLT-CLE,1150,0.05304347826086957,0.13478260869565217,430.0
BOS-BUF,1219,0.6029532403609515,0.13453650533223954,395.0
FLL-DTW,2618,0.0007639419404125286,0.13445378151260504,1127.0
RIC-ATL,3538,1.4821933295647258,0.13425664217071792,481.0
ATL-RDU,4678,1.1846943138093202,0.13424540401881147,356.0
LBB-IAH,1028,4.968871595330739,0.13424124513618677,458.0
ATL-OKC,1954,0.5102354145342887,0.13408393039918118,761.0
PDX-LAS,2549,2.3844644958807377,0.13377795213809338,763.0
PHX-TUS,1144,4.515734265734266,0.13374125874125875,110.0
ATL-MKE,3142,-0.023870146403564607,0.1336728198599618,669.0
SNA-ORD,2118,0.48583569405099153,0.1336166194523135,1726.0
GRR-MSP,1071,1.3137254901960784,0.13352007469654528,408.0
PIT-MDW,1723,-0.3076030179918746,0.1334881021474173,402.0
MCI-MDW,2390,2.21673640167364,0.13347280334728034,405.0
SLC-LGB,1941,1.768160741885626,0.1334363730036064,588.0
SEA-FAI,1312,-1.6044207317073171,0.13338414634146342,1533.0
ATL-DAY,1298,2.645608628659476,0.1332819722650231,432.0
SMF-PHX,3148,3.243964421855146,0.13310038119440915,647.0
ATL-CVG,2367,2.388255175327419,0.13307984790874525,373.0
SNA-DFW,2797,2.294243832677869,0.13264211655345012,1205.0
BDL-BWI,2155,0.32204176334106727,0.13225058004640372,283.0
MHT-BWI,2163,-1.4086916319926028,0.13222376329172444,377.0
BNA-MSY,1021,1.3594515181194906,0.13222331047992164,471.0
MCO-MSP,1583,1.4042956411876184,0.13202779532533165,1310.0
MSP-RAP,1311,1.8291380625476736,0.13196033562166284,489.0
ATL-PHX,3639,-3.2748007694421544,0.13190436933223412,1587.0
SJC-SNA,2679,3.1705860395670027,0.13176558417319895,342.0
RIC-CLT,1329,1.3596689240030098,0.13167795334838225,257.0
MOB-IAH,1474,2.345997286295794,0.13161465400271372,427.0
SAN-DFW,3239,2.002161160852115,0.1312133374498302,1171.0
CRP-HOU,1235,4.953846153846154,0.1311740890688259,187.0
PHX-ATL,3614,0.0478693967902601,0.13115661317100166,1587.0
ATL-CLE,2832,1.0663841807909604,0.13100282485875706,554.0
ATL-SAV,3125,3.09472,0.13088,214.0
SJC-PDX,2247,1.157543391188251,0.1308411214953271,569.0
MCI-CLT,1231,1.6588139723801787,0.13078797725426483,808.0
SFO-MSP,2432,-1.397203947368421,0.13075657894736842,1589.0
LAS-CLT,1538,-0.9258777633289987,0.1306892067620286,1916.0
DTW-STL,1324,-0.0256797583081571,0.13066465256797583,440.0
ATL-TUL,1509,0.5361166335321405,0.13055003313452618,674.0
SMF-SNA,2108,2.52561669829222,0.12998102466793168,404.0
TPA-DTW,2125,4.107764705882353,0.12988235294117648,983.0
BUR-SMF,2072,2.5472972972972974,0.12982625482625482,358.0
ATL-PIT,3245,1.2841294298921417,0.12973805855161788,526.0
CLE-DCA,1357,-1.7022844509948416,0.1296978629329403,310.0
MSP-GRB,1049,2.2411820781696856,0.12964728312678742,252.0
MSP-TPA,1067,-0.6091846298031866,0.12933458294283037,1306.0
HNL-LAX,5197,1.042524533384645,0.12930536848181642,2556.0
OAK-SLC,2107,1.7389653535832938,0.129093497864262,588.0
FLL-ATL,7364,-0.847637153720804,0.12900597501357958,581.0
ATL-JAN,2279,0.9653356735410268,0.12900394910048266,341.0
SEA-ATL,2660,-1.3954887218045113,0.12857142857142856,2182.0
JAX-ATL,5072,1.6924290220820188,0.12854889589905363,270.0
IAH-HRL,1171,1.8471391972672928,0.12809564474807855,295.0
IND-ATL,3791,0.5054075441835927,0.12793458190451068,432.0
DTW-MKE,1712,1.0490654205607477,0.12792056074766356,237.0
DCA-DAL,2443,-3.9819893573475236,0.12771182971756037,1184.0
ATL-GPT,1404,0.24358974358974358,0.1274928774928775,352.0
SAT-DFW,4576,1.7834353146853146,0.1271853146853147,247.0
ISN-MSP,1055,-1.1393364928909953,0.12701421800947868,546.0
BUF-CLT,1190,0.8588235294117647,0.126890756302521,546.0
CAE-ATL,2672,4.4270209580838324,0.12687125748502995,192.0
LAX-PDX,3267,-0.19100091827364554,0.12672176308539945,834.0
CMH-ATL,3244,-0.532059186189889,0.12669543773119604,447.0
LAS-ATL,4075,-0.5187730061349694,0.12662576687116564,1747.0
SEA-MSP,2543,1.8973653165552498,0.1266220998820291,1399.0
MLB-ATL,1322,2.1717095310136156,0.12632375189107414,442.0
ATL-DAL,2821,-2.130804679191776,0.12619638426090038,721.0
ATL-BHM,3194,0.5475892298058861,0.12617407639323733,134.0
SJC-SEA,4012,2.5094715852442673,0.12587238285144567,697.0
SAN-SEA,3178,-1.288860918816866,0.12586532410320955,1050.0
TPA-CLT,2869,3.0372952248170093,0.12513070756361103,507.0
BUR-PHX,1879,2.422565194252262,0.12506652474720595,369.0
RDU-MDW,1040,-1.101923076923077,0.125,632.0
MSY-CLT,1460,2.8253424657534247,0.12465753424657534,651.0
ATL-VPS,2185,2.163844393592677,0.12448512585812357,250.0
PDX-SJC,2242,2.289473684210526,0.12444246208742195,569.0
ECP-ATL,2011,1.6011934361014422,0.12431626056688215,240.0
ATL-SDF,2719,1.645825671202648,0.12431040823832291,321.0
PDX-SAN,1684,1.8764845605700713,0.12410926365795724,933.0
HSV-ATL,2442,1.5986895986895986,0.12407862407862408,151.0
ATL-LIT,1967,-0.9044229791560753,0.12404677173360447,453.0
MSP-GRR,1123,0.5298308103294747,0.12377560106856635,408.0
ATL-CAK,2028,0.23767258382642997,0.12376725838264299,528.0
BOI-PHX,1083,2.0895660203139426,0.123730378578024,735.0
GSP-ATL,2450,1.3791836734693879,0.1236734693877551,153.0
SEA-BUR,1011,2.6172106824925816,0.12363996043521266,937.0
RNO-DEN,1351,-0.8586232420429312,0.1236121391561806,804.0
TUS-LAS,1102,1.5335753176043556,0.12341197822141561,365.0
RNO-PHX,1704,2.777582159624413,0.12323943661971831,601.0
MSP-CLT,2116,-1.1838374291115312,0.12287334593572778,930.0
PHX-YUM,1856,3.2591594827586206,0.12284482758620689,160.0
DTW-SLC,1384,-1.7109826589595376,0.12283236994219653,1481.0
LIT-DAL,1002,2.9520958083832336,0.12275449101796407,296.0
RAP-MSP,1312,1.5251524390243902,0.12271341463414634,489.0
MEM-ATL,3081,0.3002271989613762,0.12268743914313535,332.0
SEA-SLC,3452,1.6819235225955969,0.12253765932792585,689.0
SEA-IAD,1121,-3.288135593220339,0.12221231043710973,2306.0
STL-ATL,3495,-1.1802575107296138,0.12188841201716738,484.0
SAT-PHX,1526,-1.1788990825688073,0.1218872870249017,843.0
MKE-ATL,3127,-1.223217141029741,0.12184202110649185,669.0
OGG-HNL,8268,3.5942186744073537,0.12179487179487179,100.0
HOU-LAS,1416,-0.9752824858757062,0.12146892655367232,1235.0
SLC-PDX,2332,0.003430531732418525,0.12135506003430532,630.0
PHX-SBA,1014,1.97534516765286,0.12130177514792899,455.0
SFO-ATL,3105,-3.315619967793881,0.12109500805152978,2139.0
ATL-BNA,3208,1.4837905236907731,0.12094763092269327,214.0
SFO-CLT,1811,-2.292103810049696,0.12092766427388184,2296.0
GRR-DTW,1391,0.098490294751977,0.1207764198418404,120.0
MCI-BNA,1085,2.000921658986175,0.12073732718894009,491.0
SNA-PHX,3810,2.3656167979002625,0.12073490813648294,338.0
GPT-ATL,1400,-0.08714285714285715,0.12071428571428572,352.0
BUF-MCO,1517,-2.036914963744232,0.12063282794990111,1011.0
MSY-BNA,1030,0.6941747572815534,0.1203883495145631,471.0
MSP-ATL,4684,-2.582621690862511,0.11998292058070026,907.0
BHM-ATL,3191,-0.9833907865872767,0.11939830774052021,134.0
PBI-ATL,4172,0.9808245445829339,0.11936720997123682,545.0
ATL-SEA,2665,-2.774108818011257,0.11932457786116323,2182.0
IAH-LCH,1056,-2.288825757575758,0.11931818181818182,127.0
CVG-ATL,2360,0.12542372881355932,0.11906779661016949,373.0
LIH-LAX,1286,-0.45023328149300157,0.11897356143079316,2615.0
MSP-SAN,1068,-5.392322097378277,0.11891385767790262,1532.0
BUR-SJC,2069,2.485741904301595,0.11889801836636056,296.0
MKE-PHX,1397,-5.633500357909806,0.11882605583392986,1460.0
MSP-MKE,2197,0.6918525261720528,0.11788802913063268,297.0
BOS-CLE,1794,-2.9777034559643254,0.11761426978818283,563.0
SAV-ATL,3123,-0.760806916426513,0.11751520973422991,214.0
SEA-DTW,1890,-0.3433862433862434,0.11746031746031746,1927.0
SAT-ATL,2844,0.24226441631504922,0.11744022503516174,874.0
ATL-ORF,2649,1.0177425443563608,0.11740279350698377,516.0
MCO-DAL,1009,-3.755203171456888,0.11694747274529237,973.0
SLC-BOI,1575,0.3574603174603175,0.11682539682539683,290.0
FAI-SEA,1310,-2.118320610687023,0.116793893129771,1533.0
SLC-SAN,2259,-0.49358123063302345,0.11642319610447101,626.0
CAK-ATL,2018,-2.4132804757185333,0.1159563924677899,528.0
GPT-IAH,1224,-0.03758169934640523,0.11519607843137254,376.0
MIA-CLT,2938,-1.0357385976855003,0.11504424778761062,650.0
HRL-HOU,1526,1.7667103538663171,0.11467889908256881,277.0
ALB-BWI,1658,-2.8510253317249696,0.11459589867310012,289.0
ATL-SRQ,1926,0.4885773624091381,0.1142263759086189,444.0
GEG-DEN,1325,0.05132075471698113,0.11396226415094339,836.0
SJC-DFW,1475,1.4738983050847458,0.11389830508474576,1438.0
MSP-PDX,1292,-1.664860681114551,0.11377708978328173,1426.0
DAY-ATL,1298,-0.9684129429892142,0.11325115562403698,432.0
ATL-BDL,2314,-2.858686257562662,0.1132238547968885,859.0
ATL-OMA,1608,-0.9135572139303483,0.11318407960199005,821.0
MKE-LAS,1087,-5.549218031278749,0.11315547378104876,1524.0
SDF-ATL,2714,-0.8537214443625645,0.1131171702284451,321.0
PBI-CLT,1603,0.817841547099189,0.11291328758577666,590.0
OGG-LIH,1321,4.120363361090083,0.11279333838001514,201.0
SAN-PDX,1687,-0.8251333728512151,0.11262596324836989,933.0
MSN-DTW,1369,-0.029948867786705625,0.11249086924762601,311.0
SLC-SGU,1192,4.162751677852349,0.11241610738255034,272.0
TUS-PHX,1142,1.8712784588441331,0.11208406304728546,110.0
GEG-SLC,1196,1.1070234113712374,0.11204013377926421,546.0
BDL-ATL,2301,-3.8079096045197742,0.11169056931768796,859.0
SLC-GEG,1200,-0.5141666666666667,0.11166666666666666,546.0
PDX-SNA,1138,0.773286467486819,0.11159929701230228,859.0
VPS-ATL,2191,1.1332724783204016,0.11136467366499316,250.0
ANC-JNU,1025,3.277073170731707,0.11121951219512195,571.0
TUS-DFW,2135,0.8032786885245902,0.11007025761124122,813.0
TPA-MSP,1066,-1.2476547842401502,0.10975609756097561,1306.0
SAT-LAS,1267,-3.1412786108918707,0.10970797158642462,1069.0
PNS-ATL,2253,-1.4944518419884598,0.10963160230803373,271.0
SLC-SMF,1477,-0.5274204468517265,0.10900473933649289,532.0
EYW-ATL,1404,1.7784900284900285,0.10897435897435898,646.0
JAN-ATL,2278,-1.1984196663740123,0.10886742756804214,341.0
MCI-ATL,3461,-0.07685639988442647,0.10806125397284022,692.0
ATL-PDX,1084,-5.8662361623616235,0.10793357933579335,2172.0
SMF-SLC,1472,1.908288043478261,0.10733695652173914,532.0
ATL-CHS,3181,-0.8025778057214712,0.1068846274756366,259.0
ATL-GRR,1287,-1.2043512043512044,0.10567210567210568,640.0
LIT-ATL,1959,-1.858601327207759,0.10566615620214395,453.0
PDX-PHX,3086,0.9799092676604018,0.10531432274789371,1009.0
RSW-ATL,3887,-2.226652945716491,0.10496526884486751,515.0
DAB-ATL,1481,-0.5455773126266037,0.10465901417960838,366.0
CLE-ATL,2829,-3.2827854365500175,0.10463061152350654,554.0
ATL-SAN,2037,-5.420225822287678,0.10456553755522828,1892.0
FLL-CLT,2409,-0.6795350767953507,0.1041926110419261,631.7131589871316
RSW-CLT,1712,1.3925233644859814,0.10397196261682243,600.0
LGB-SLC,1945,-0.39331619537275064,0.10334190231362468,588.0
ATL-SLC,2536,-4.097003154574132,0.10331230283911672,1590.0
SLC-ATL,2539,-0.9196534068530917,0.10279637652619142,1590.0
SFO-DTW,1307,-2.652639632746748,0.10252486610558531,2079.0
YUM-PHX,1854,2.1844660194174756,0.10248112189859762,160.0
MSP-ISN,1053,-2.1367521367521367,0.10161443494776828,546.0
MSP-SLC,1849,-3.744726879394267,0.10113574905354246,991.0
SLC-SNA,1561,-3.342088404868674,0.1005765534913517,588.0
SNA-SEA,2745,-3.522768670309654,0.1005464480874317,978.0
DCA-HOU,1214,-8.018121911037891,0.10049423393739704,1218.0
BDL-DTW,1350,-3.102962962962963,0.1,549.0
ANC-SEA,6348,-2.530718336483932,0.0997164461247637,1448.0
SLC-BIL,1055,0.01990521327014218,0.0995260663507109,387.0
PIT-CLT,2398,-1.1017514595496247,0.09924937447873228,366.0
SLC-BZN,1058,-0.720226843100189,0.09924385633270322,347.0
PDX-SLC,2333,0.010715816545220747,0.09815687955422203,630.0
12478-12892,1095,-7.4,0.09771689497716896,2475.0
SNA-PDX,1138,-1.6291739894551844,0.09753954305799649,859.0
OMA-ATL,1545,-1.2640776699029126,0.0970873786407767,821.0
BRO-IAH,1258,-0.4984101748807631,0.09697933227344992,308.0
OKC-ATL,1950,-0.56,0.09692307692307692,761.0
ATL-BUF,1563,-1.9513755598208573,0.09660908509277032,712.0
HRL-IAH,1173,-0.16197783461210571,0.09633418584825235,295.0
PIT-ATL,3229,-4.22050170331372,0.09538556828739547,526.0
KOA-HNL,6328,1.9582806573957017,0.09497471554993679,163.0
ORF-ATL,2643,-1.0139992432841467,0.094211123723042,516.0
BOI-SLC,1574,1.289707750952986,0.09339263024142312,290.0
PDX-ATL,1087,-3.6292548298068077,0.09015639374425023,2172.0
LCH-IAH,1054,-3.2703984819734346,0.08918406072106262,127.0
SEA-SNA,2744,-0.9154518950437318,0.08892128279883382,978.0
BUR-SEA,1009,-1.5500495540138752,0.08721506442021804,937.0
LIH-HNL,5845,0.9550042771599658,0.08691189050470488,102.0
SLC-SJC,1659,-4.119349005424954,0.0867992766726944,584.0
SRQ-ATL,1921,-1.0765226444560125,0.0864133263925039,444.0
GRR-ATL,1282,-7.035101404056162,0.0842433697347894,640.0
ITO-HNL,4785,0.6267502612330198,0.08275862068965517,216.0
SLC-MSP,1851,-3.1096704484062667,0.08265802269043761,991.0
HNL-OGG,8246,1.6138733931603202,0.08125151588649042,100.0
SAN-SLC,2256,-1.7344858156028369,0.08111702127659574,626.0
BUF-ATL,1561,-4.776425368353619,0.08071748878923767,712.0
CLE-CLT,1146,-3.612565445026178,0.07940663176265271,430.0
SJC-SLC,1666,-2.091236494597839,0.07923169267707082,584.0
LIH-OGG,1318,2.160091047040971,0.07890743550834597,201.0
SJU-ATL,1408,-7.815340909090909,0.07883522727272728,1547.0
SBA-PHX,1008,0.1865079365079365,0.07837301587301587,455.0
SLC-IDA,1319,-3.177407126611069,0.07657316148597422,188.0
CHS-ATL,3176,-3.058249370277078,0.07651133501259445,259.0
SLC-DTW,1387,-3.9646719538572457,0.07642393655371305,1481.0
BZN-SLC,1055,-3.6208530805687205,0.07488151658767772,347.0
SGU-SLC,1189,-0.6862910008410429,0.07485281749369217,272.0
HNL-ITO,4786,1.3800668616798997,0.07459256163811116,216.0
SAN-ATL,2029,-6.83390832922622,0.07343518974864466,1892.0
SNA-SLC,1563,-3.893154190658989,0.07293666026871401,588.0
HNL-KOA,6379,0.6559021790249255,0.06976015049380781,163.0
BIL-SLC,1057,-3.1778618732261115,0.06906338694418164,387.0
SAN-MSP,1066,-3.2598499061913695,0.06378986866791744,1532.0
HNL-LIH,5850,0.2733333333333333,0.062393162393162394,102.0
PDX-MSP,1289,-2.839410395655547,0.05973622963537626,1426.0
IDA-SLC,1318,-7.722306525037936,0.05235204855842185,188.0
